zona,dia_semana,hora,velocidad_promedio,flujo_vehicular,nivel_congestion
Centro,0,0,46.5,223,94.0
Centro,0,1,49.5,740,37.0
Centro,0,2,40.2,749,42.8
Centro,0,3,49.7,774,85.3
Centro,0,4,42.9,369,85.1
Centro,0,5,43.2,218,55.7
Centro,0,6,49.4,587,57.0
Centro,0,7,16.5,530,99.0
Centro,0,8,17.1,462,87.7
Centro,0,9,26.1,587,70.2
Centro,0,10,33.6,305,80.9
Centro,0,11,38.1,706,91.3
Centro,0,12,35.1,451,79.8
Centro,0,13,36.5,591,79.6
Centro,0,14,38.9,336,37.6
Centro,0,15,30.9,504,3.6
Centro,0,16,34.7,479,28.7
Centro,0,17,23.9,121,3.7
Centro,0,18,27.3,352,12.7
Centro,0,19,22.8,638,21.6
Centro,0,20,46.2,159,5.2
Centro,0,21,45.3,478,63.7
Centro,0,22,47.3,783,51.6
Centro,0,23,43.2,656,27.1
Centro,1,0,44.4,154,2.5
Centro,1,1,49.6,685,69.6
Centro,1,2,44.1,221,15.6
Centro,1,3,42.5,484,71.5
Centro,1,4,46.6,295,95.5
Centro,1,5,47.4,488,61.2
Centro,1,6,44.2,273,35.6
Centro,1,7,26.4,110,11.6
Centro,1,8,15.7,128,85.5
Centro,1,9,25.6,431,9.8
Centro,1,10,34.9,431,17.3
Centro,1,11,34.3,378,61.6
Centro,1,12,36.4,131,37.5
Centro,1,13,36.3,452,85.6
Centro,1,14,36.6,214,7.1
Centro,1,15,36.4,118,58.6
Centro,1,16,39.4,502,38.8
Centro,1,17,24.6,420,54.6
Centro,1,18,29.1,370,96.1
Centro,1,19,28.6,237,6.9
Centro,1,20,41.0,112,9.4
Centro,1,21,46.8,149,31.9
Centro,1,22,48.4,116,81.4
Centro,1,23,42.8,182,69.7
Centro,2,0,46.3,714,73.5
Centro,2,1,48.0,297,17.7
Centro,2,2,47.5,664,99.1
Centro,2,3,44.1,360,77.6
Centro,2,4,43.4,751,85.8
Centro,2,5,44.3,625,75.5
Centro,2,6,41.0,731,50.5
Centro,2,7,27.4,324,89.6
Centro,2,8,20.8,107,90.5
Centro,2,9,16.4,323,95.0
Centro,2,10,39.5,501,63.2
Centro,2,11,34.5,305,32.9
Centro,2,12,36.7,626,79.2
Centro,2,13,37.9,163,49.4
Centro,2,14,30.6,484,44.2
Centro,2,15,38.9,345,11.7
Centro,2,16,31.4,633,61.8
Centro,2,17,16.5,158,70.1
Centro,2,18,16.1,675,70.6
Centro,2,19,16.2,159,98.7
Centro,2,20,43.7,359,81.3
Centro,2,21,49.5,790,75.3
Centro,2,22,43.8,158,77.7
Centro,2,23,45.6,396,90.6
Centro,3,0,41.1,444,1.1
Centro,3,1,44.7,139,11.9
Centro,3,2,41.2,554,74.6
Centro,3,3,45.8,773,37.5
Centro,3,4,42.9,708,22.4
Centro,3,5,49.6,108,97.0
Centro,3,6,40.4,723,52.8
Centro,3,7,29.9,151,55.4
Centro,3,8,29.5,466,62.9
Centro,3,9,25.4,418,62.8
Centro,3,10,35.8,730,4.5
Centro,3,11,32.8,765,89.0
Centro,3,12,34.6,534,27.7
Centro,3,13,31.9,424,35.3
Centro,3,14,35.8,154,97.4
Centro,3,15,39.9,588,53.6
Centro,3,16,33.1,669,68.5
Centro,3,17,17.4,737,82.3
Centro,3,18,29.2,608,61.3
Centro,3,19,21.3,752,86.6
Centro,3,20,40.5,118,37.6
Centro,3,21,48.1,791,15.0
Centro,3,22,45.9,366,97.0
Centro,3,23,48.4,686,46.9
Centro,4,0,44.1,291,5.6
Centro,4,1,48.6,669,100.0
Centro,4,2,50.0,488,76.9
Centro,4,3,49.4,694,24.7
Centro,4,4,44.5,190,95.4
Centro,4,5,46.1,260,67.2
Centro,4,6,46.2,350,11.4
Centro,4,7,25.1,464,77.2
Centro,4,8,22.8,696,55.2
Centro,4,9,23.4,713,40.3
Centro,4,10,31.3,120,75.5
Centro,4,11,36.2,592,21.3
Centro,4,12,31.4,110,35.1
Centro,4,13,35.9,374,43.7
Centro,4,14,39.0,343,51.4
Centro,4,15,37.8,377,62.2
Centro,4,16,38.6,764,14.7
Centro,4,17,28.9,444,25.8
Centro,4,18,21.9,786,49.3
Centro,4,19,19.9,543,24.0
Centro,4,20,40.8,190,12.8
Centro,4,21,41.5,197,64.1
Centro,4,22,41.8,341,89.7
Centro,4,23,44.7,567,17.2
Centro,5,0,51.9,128,16.9
Centro,5,1,52.8,223,8.9
Centro,5,2,51.2,422,20.6
Centro,5,3,53.6,452,69.0
Centro,5,4,50.4,659,62.8
Centro,5,5,50.8,711,92.1
Centro,5,6,50.6,293,80.6
Centro,5,7,36.2,229,20.9
Centro,5,8,30.6,439,61.8
Centro,5,9,30.5,423,74.7
Centro,5,10,40.4,276,71.3
Centro,5,11,49.0,458,53.2
Centro,5,12,41.1,413,53.3
Centro,5,13,42.4,288,37.7
Centro,5,14,40.2,325,21.1
Centro,5,15,43.3,183,89.1
Centro,5,16,45.9,575,78.9
Centro,5,17,32.5,160,53.7
Centro,5,18,33.8,621,43.2
Centro,5,19,26.9,298,36.3
Centro,5,20,56.5,499,35.6
Centro,5,21,59.9,524,23.7
Centro,5,22,51.0,207,24.6
Centro,5,23,51.6,230,28.5
Centro,6,0,51.7,727,8.0
Centro,6,1,55.2,387,98.2
Centro,6,2,51.1,378,96.9
Centro,6,3,58.7,671,25.8
Centro,6,4,51.7,568,92.9
Centro,6,5,55.6,500,28.0
Centro,6,6,57.7,230,32.4
Centro,6,7,31.4,455,24.2
Centro,6,8,26.7,527,28.9
Centro,6,9,33.7,208,48.1
Centro,6,10,45.3,136,33.7
Centro,6,11,41.3,144,99.0
Centro,6,12,43.2,666,25.5
Centro,6,13,46.8,632,59.6
Centro,6,14,44.7,388,34.9
Centro,6,15,49.3,681,96.5
Centro,6,16,41.2,611,93.8
Centro,6,17,27.7,146,74.1
Centro,6,18,33.6,689,14.0
Centro,6,19,36.9,241,16.4
Centro,6,20,51.6,670,66.5
Centro,6,21,55.2,351,87.7
Centro,6,22,53.9,671,43.9
Centro,6,23,53.8,423,30.1
Norte,0,0,47.5,451,23.2
Norte,0,1,49.0,368,54.4
Norte,0,2,49.1,536,11.7
Norte,0,3,49.4,539,33.5
Norte,0,4,41.4,655,62.0
Norte,0,5,45.3,725,78.9
Norte,0,6,41.5,318,24.8
Norte,0,7,26.2,123,57.0
Norte,0,8,26.4,713,34.2
Norte,0,9,27.3,177,84.6
Norte,0,10,31.3,378,79.7
Norte,0,11,31.5,260,72.2
Norte,0,12,37.2,548,69.4
Norte,0,13,35.4,276,34.6
Norte,0,14,31.8,735,58.3
Norte,0,15,34.0,423,94.7
Norte,0,16,31.5,510,50.6
Norte,0,17,24.2,112,87.2
Norte,0,18,29.0,495,69.7
Norte,0,19,28.8,595,15.3
Norte,0,20,45.8,524,42.4
Norte,0,21,47.4,754,92.6
Norte,0,22,44.5,179,98.5
Norte,0,23,48.4,187,92.1
Norte,1,0,48.7,463,59.1
Norte,1,1,44.0,138,33.5
Norte,1,2,48.0,103,33.3
Norte,1,3,44.0,476,92.0
Norte,1,4,43.5,342,73.8
Norte,1,5,44.5,257,45.2
Norte,1,6,41.4,223,49.8
Norte,1,7,21.3,740,36.2
Norte,1,8,23.7,542,1.3
Norte,1,9,25.0,224,96.1
Norte,1,10,31.5,390,8.5
Norte,1,11,40.0,451,59.5
Norte,1,12,30.7,624,21.0
Norte,1,13,39.0,243,19.1
Norte,1,14,30.4,430,56.5
Norte,1,15,30.7,642,45.3
Norte,1,16,35.2,408,40.1
Norte,1,17,23.4,208,18.2
Norte,1,18,27.9,762,37.3
Norte,1,19,19.1,550,40.9
Norte,1,20,40.3,209,71.6
Norte,1,21,46.6,118,22.2
Norte,1,22,42.3,570,2.0
Norte,1,23,41.0,659,17.9
Norte,2,0,46.5,266,9.9
Norte,2,1,42.4,605,85.6
Norte,2,2,48.3,378,66.8
Norte,2,3,42.0,305,89.6
Norte,2,4,40.1,159,20.8
Norte,2,5,40.3,227,58.3
Norte,2,6,44.2,724,81.7
Norte,2,7,20.1,281,38.0
Norte,2,8,23.9,287,62.4
Norte,2,9,21.1,486,43.6
Norte,2,10,32.9,763,76.4
Norte,2,11,31.4,707,48.7
Norte,2,12,38.9,659,42.5
Norte,2,13,30.2,288,54.2
Norte,2,14,36.3,280,13.9
Norte,2,15,38.3,789,52.6
Norte,2,16,31.7,290,1.8
Norte,2,17,28.7,182,57.7
Norte,2,18,19.1,487,65.1
Norte,2,19,27.4,244,1.1
Norte,2,20,41.4,730,87.4
Norte,2,21,46.0,520,66.5
Norte,2,22,41.8,740,41.9
Norte,2,23,43.8,463,4.7
Norte,3,0,41.7,616,8.3
Norte,3,1,46.0,271,38.9
Norte,3,2,42.9,348,71.9
Norte,3,3,43.0,496,47.6
Norte,3,4,46.6,755,73.3
Norte,3,5,42.1,121,26.2
Norte,3,6,46.0,135,49.6
Norte,3,7,24.0,333,77.1
Norte,3,8,16.6,152,72.8
Norte,3,9,22.4,581,43.5
Norte,3,10,32.5,673,79.9
Norte,3,11,36.9,290,59.0
Norte,3,12,33.6,164,91.7
Norte,3,13,31.4,765,44.6
Norte,3,14,31.9,479,87.3
Norte,3,15,37.3,664,65.9
Norte,3,16,36.9,694,25.0
Norte,3,17,22.3,254,98.8
Norte,3,18,29.2,127,70.6
Norte,3,19,28.9,226,56.8
Norte,3,20,49.2,123,69.7
Norte,3,21,43.0,747,97.1
Norte,3,22,49.4,431,86.2
Norte,3,23,48.4,323,82.9
Norte,4,0,40.4,517,23.0
Norte,4,1,41.2,153,69.6
Norte,4,2,43.4,607,6.5
Norte,4,3,43.2,477,79.1
Norte,4,4,43.2,538,88.6
Norte,4,5,46.2,263,2.4
Norte,4,6,48.7,114,87.5
Norte,4,7,22.9,757,79.9
Norte,4,8,30.0,345,76.7
Norte,4,9,21.0,435,62.8
Norte,4,10,38.7,788,76.8
Norte,4,11,34.2,394,73.8
Norte,4,12,32.4,177,35.5
Norte,4,13,32.9,307,23.4
Norte,4,14,30.4,112,98.8
Norte,4,15,34.3,369,68.0
Norte,4,16,32.2,764,78.6
Norte,4,17,16.3,392,87.9
Norte,4,18,29.2,427,61.3
Norte,4,19,17.5,793,23.2
Norte,4,20,49.4,554,60.8
Norte,4,21,45.1,261,17.7
Norte,4,22,42.2,230,78.0
Norte,4,23,43.5,140,96.9
Norte,5,0,58.8,749,99.5
Norte,5,1,51.7,377,75.8
Norte,5,2,57.0,207,81.6
Norte,5,3,52.2,256,53.7
Norte,5,4,55.9,506,9.1
Norte,5,5,58.8,285,13.0
Norte,5,6,58.9,768,86.2
Norte,5,7,37.1,558,55.1
Norte,5,8,26.3,385,37.3
Norte,5,9,28.9,606,49.6
Norte,5,10,40.8,254,68.3
Norte,5,11,40.8,695,49.5
Norte,5,12,44.8,514,82.5
Norte,5,13,43.5,574,56.6
Norte,5,14,42.7,715,79.7
Norte,5,15,46.6,695,86.7
Norte,5,16,47.1,685,69.7
Norte,5,17,35.2,533,75.3
Norte,5,18,27.4,716,87.2
Norte,5,19,25.4,678,12.9
Norte,5,20,53.4,620,16.1
Norte,5,21,58.2,682,50.7
Norte,5,22,50.1,300,61.7
Norte,5,23,59.8,542,26.0
Norte,6,0,56.3,477,78.0
Norte,6,1,51.1,632,54.1
Norte,6,2,59.6,339,63.3
Norte,6,3,59.3,171,93.7
Norte,6,4,56.9,147,30.1
Norte,6,5,57.1,147,58.2
Norte,6,6,53.5,534,4.6
Norte,6,7,38.1,781,96.9
Norte,6,8,36.2,191,75.8
Norte,6,9,25.4,115,32.4
Norte,6,10,44.9,639,68.3
Norte,6,11,44.5,291,99.7
Norte,6,12,44.3,415,16.4
Norte,6,13,47.9,585,22.1
Norte,6,14,40.8,576,65.5
Norte,6,15,42.7,765,15.1
Norte,6,16,44.3,760,42.0
Norte,6,17,34.6,378,27.4
Norte,6,18,39.8,386,89.4
Norte,6,19,28.4,249,3.1
Norte,6,20,56.5,357,86.4
Norte,6,21,54.7,777,18.6
Norte,6,22,58.7,643,77.1
Norte,6,23,58.4,632,62.6
Sur,0,0,41.3,122,92.1
Sur,0,1,46.2,657,48.2
Sur,0,2,41.2,187,68.6
Sur,0,3,44.3,240,49.2
Sur,0,4,40.6,507,26.9
Sur,0,5,48.0,317,45.5
Sur,0,6,40.1,150,39.2
Sur,0,7,22.2,520,29.2
Sur,0,8,25.4,702,78.0
Sur,0,9,15.6,436,10.5
Sur,0,10,32.4,790,14.2
Sur,0,11,35.0,532,70.2
Sur,0,12,35.6,106,32.6
Sur,0,13,35.2,161,35.1
Sur,0,14,30.3,155,39.7
Sur,0,15,31.3,497,68.9
Sur,0,16,38.0,240,16.7
Sur,0,17,16.6,545,70.6
Sur,0,18,15.5,755,5.2
Sur,0,19,23.1,596,87.1
Sur,0,20,47.1,661,33.9
Sur,0,21,48.1,156,89.5
Sur,0,22,45.5,672,45.2
Sur,0,23,46.4,468,73.2
Sur,1,0,40.8,142,24.7
Sur,1,1,41.6,710,21.9
Sur,1,2,49.8,335,18.2
Sur,1,3,47.9,561,49.8
Sur,1,4,45.6,603,22.8
Sur,1,5,50.0,782,65.0
Sur,1,6,42.0,576,7.2
Sur,1,7,15.5,280,46.3
Sur,1,8,28.0,609,74.3
Sur,1,9,21.4,342,37.1
Sur,1,10,39.9,128,86.7
Sur,1,11,35.8,407,72.5
Sur,1,12,34.9,711,90.1
Sur,1,13,34.2,293,59.2
Sur,1,14,39.1,247,62.3
Sur,1,15,36.3,613,13.2
Sur,1,16,37.2,736,18.0
Sur,1,17,18.6,779,18.1
Sur,1,18,27.8,444,24.7
Sur,1,19,28.1,411,51.5
Sur,1,20,43.6,515,16.4
Sur,1,21,43.9,778,25.8
Sur,1,22,46.6,327,77.3
Sur,1,23,41.3,778,45.4
Sur,2,0,42.4,151,17.0
Sur,2,1,45.2,335,82.9
Sur,2,2,44.3,274,61.7
Sur,2,3,47.1,216,16.8
Sur,2,4,40.4,615,66.4
Sur,2,5,44.7,690,80.6
Sur,2,6,45.9,707,20.6
Sur,2,7,16.7,288,5.7
Sur,2,8,23.0,755,3.9
Sur,2,9,16.8,416,93.4
Sur,2,10,33.2,455,4.2
Sur,2,11,31.5,790,96.5
Sur,2,12,30.0,766,63.9
Sur,2,13,38.7,418,51.6
Sur,2,14,34.9,566,14.0
Sur,2,15,30.3,315,70.5
Sur,2,16,32.0,571,97.0
Sur,2,17,16.4,570,44.4
Sur,2,18,28.0,224,69.3
Sur,2,19,27.6,761,68.3
Sur,2,20,45.0,532,86.9
Sur,2,21,45.7,121,93.1
Sur,2,22,46.9,573,21.6
Sur,2,23,46.6,375,65.1
Sur,3,0,41.1,560,99.9
Sur,3,1,40.5,784,40.7
Sur,3,2,48.7,647,56.7
Sur,3,3,47.4,714,40.4
Sur,3,4,43.3,567,80.8
Sur,3,5,47.6,658,43.6
Sur,3,6,48.2,184,54.4
Sur,3,7,15.1,327,36.6
Sur,3,8,20.9,586,38.9
Sur,3,9,21.7,266,37.3
Sur,3,10,32.3,151,60.3
Sur,3,11,36.7,533,46.3
Sur,3,12,33.8,704,51.9
Sur,3,13,34.8,117,34.1
Sur,3,14,33.8,379,58.0
Sur,3,15,35.3,525,76.5
Sur,3,16,38.1,602,95.6
Sur,3,17,15.3,237,0.8
Sur,3,18,24.7,728,24.3
Sur,3,19,28.9,142,93.4
Sur,3,20,43.5,170,48.6
Sur,3,21,42.6,299,30.7
Sur,3,22,48.0,477,31.1
Sur,3,23,46.1,601,27.3
Sur,4,0,44.1,185,18.1
Sur,4,1,46.8,227,52.5
Sur,4,2,47.1,174,56.7
Sur,4,3,42.6,774,48.4
Sur,4,4,48.1,485,4.3
Sur,4,5,46.3,765,60.2
Sur,4,6,48.2,718,22.8
Sur,4,7,18.2,527,41.1
Sur,4,8,27.6,730,35.3
Sur,4,9,18.6,646,27.5
Sur,4,10,38.2,396,66.8
Sur,4,11,31.0,536,45.2
Sur,4,12,35.9,217,73.7
Sur,4,13,38.6,251,9.6
Sur,4,14,30.2,549,60.7
Sur,4,15,35.5,262,39.1
Sur,4,16,35.9,447,98.8
Sur,4,17,17.0,586,40.4
Sur,4,18,21.4,602,69.2
Sur,4,19,29.9,189,10.4
Sur,4,20,47.2,504,27.4
Sur,4,21,40.8,159,89.4
Sur,4,22,41.9,326,22.7
Sur,4,23,43.5,148,51.9
Sur,5,0,50.7,660,23.4
Sur,5,1,55.4,716,65.1
Sur,5,2,55.3,327,33.3
Sur,5,3,56.7,795,66.2
Sur,5,4,55.6,611,46.5
Sur,5,5,50.6,493,95.8
Sur,5,6,51.8,583,20.1
Sur,5,7,33.0,167,45.0
Sur,5,8,36.3,343,66.5
Sur,5,9,36.9,749,23.5
Sur,5,10,44.0,206,99.2
Sur,5,11,49.3,477,84.2
Sur,5,12,45.2,536,8.9
Sur,5,13,47.6,189,82.6
Sur,5,14,47.8,596,3.6
Sur,5,15,43.0,284,36.0
Sur,5,16,40.9,755,55.4
Sur,5,17,29.6,377,44.7
Sur,5,18,34.0,460,91.9
Sur,5,19,32.5,794,85.1
Sur,5,20,52.1,751,11.6
Sur,5,21,58.2,366,87.8
Sur,5,22,58.7,664,79.0
Sur,5,23,53.0,156,40.3
Sur,6,0,51.7,586,34.6
Sur,6,1,59.8,548,82.2
Sur,6,2,51.3,703,92.3
Sur,6,3,54.9,524,76.5
Sur,6,4,51.7,451,39.9
Sur,6,5,51.5,357,6.8
Sur,6,6,50.3,194,96.3
Sur,6,7,33.2,776,43.2
Sur,6,8,29.7,454,44.0
Sur,6,9,26.6,548,21.6
Sur,6,10,46.2,555,15.2
Sur,6,11,40.6,646,46.0
Sur,6,12,40.6,796,5.8
Sur,6,13,47.0,788,23.9
Sur,6,14,41.4,184,30.3
Sur,6,15,41.0,584,6.2
Sur,6,16,45.1,797,81.4
Sur,6,17,34.2,314,62.4
Sur,6,18,32.9,398,13.1
Sur,6,19,38.3,414,19.5
Sur,6,20,53.7,389,82.8
Sur,6,21,57.3,638,1.1
Sur,6,22,54.2,436,1.9
Sur,6,23,52.6,632,13.7
Oriente,0,0,45.4,250,1.2
Oriente,0,1,42.4,783,80.2
Oriente,0,2,49.6,441,11.0
Oriente,0,3,45.5,418,84.4
Oriente,0,4,41.0,441,15.0
Oriente,0,5,43.2,616,47.6
Oriente,0,6,43.8,376,45.9
Oriente,0,7,26.8,724,95.5
Oriente,0,8,26.8,320,68.8
Oriente,0,9,21.6,278,84.1
Oriente,0,10,30.4,731,46.1
Oriente,0,11,36.4,561,89.5
Oriente,0,12,36.4,529,6.7
Oriente,0,13,35.2,205,73.7
Oriente,0,14,35.1,576,4.2
Oriente,0,15,30.8,601,7.2
Oriente,0,16,30.7,108,95.7
Oriente,0,17,26.1,347,29.7
Oriente,0,18,20.2,642,66.1
Oriente,0,19,17.8,221,9.8
Oriente,0,20,46.6,635,26.5
Oriente,0,21,40.2,157,96.8
Oriente,0,22,43.0,638,62.5
Oriente,0,23,43.8,243,12.1
Oriente,1,0,46.2,642,64.4
Oriente,1,1,45.3,129,96.8
Oriente,1,2,48.0,304,98.0
Oriente,1,3,46.0,507,74.8
Oriente,1,4,48.1,559,12.8
Oriente,1,5,43.4,749,22.5
Oriente,1,6,43.7,402,43.9
Oriente,1,7,24.2,760,24.1
Oriente,1,8,16.8,238,88.7
Oriente,1,9,24.7,300,81.6
Oriente,1,10,38.6,692,91.9
Oriente,1,11,32.5,628,46.1
Oriente,1,12,38.4,609,77.6
Oriente,1,13,36.6,224,54.5
Oriente,1,14,39.8,756,4.3
Oriente,1,15,31.6,192,72.6
Oriente,1,16,38.2,249,50.6
Oriente,1,17,27.6,612,54.2
Oriente,1,18,23.9,455,29.8
Oriente,1,19,23.5,582,87.3
Oriente,1,20,46.4,632,16.0
Oriente,1,21,44.6,106,24.7
Oriente,1,22,47.3,794,9.9
Oriente,1,23,44.0,660,20.4
Oriente,2,0,45.6,613,61.6
Oriente,2,1,41.9,348,78.4
Oriente,2,2,45.5,103,76.1
Oriente,2,3,40.4,622,20.2
Oriente,2,4,49.6,357,32.7
Oriente,2,5,41.5,313,87.7
Oriente,2,6,50.0,357,44.9
Oriente,2,7,25.8,720,59.3
Oriente,2,8,20.9,388,69.6
Oriente,2,9,15.0,533,35.5
Oriente,2,10,37.9,165,58.8
Oriente,2,11,34.8,549,6.5
Oriente,2,12,35.8,493,56.1
Oriente,2,13,36.0,573,80.5
Oriente,2,14,32.7,677,49.8
Oriente,2,15,30.8,140,33.4
Oriente,2,16,37.8,595,78.9
Oriente,2,17,22.8,408,14.7
Oriente,2,18,19.9,403,8.9
Oriente,2,19,18.3,518,73.6
Oriente,2,20,50.0,753,64.3
Oriente,2,21,44.2,545,78.6
Oriente,2,22,41.2,386,84.0
Oriente,2,23,43.8,500,58.8
Oriente,3,0,41.8,353,33.5
Oriente,3,1,40.3,116,83.2
Oriente,3,2,42.7,462,29.9
Oriente,3,3,49.4,281,43.0
Oriente,3,4,48.7,689,18.6
Oriente,3,5,48.0,420,48.3
Oriente,3,6,41.3,156,72.8
Oriente,3,7,22.4,405,73.0
Oriente,3,8,26.5,211,61.0
Oriente,3,9,17.0,625,65.7
Oriente,3,10,39.6,148,5.7
Oriente,3,11,32.8,283,24.7
Oriente,3,12,39.1,274,27.2
Oriente,3,13,37.6,414,77.7
Oriente,3,14,30.7,441,3.4
Oriente,3,15,30.6,734,13.9
Oriente,3,16,35.3,387,34.7
Oriente,3,17,28.5,115,66.4
Oriente,3,18,29.5,492,93.7
Oriente,3,19,15.8,393,26.0
Oriente,3,20,47.3,786,25.7
Oriente,3,21,46.5,238,56.5
Oriente,3,22,44.6,780,60.9
Oriente,3,23,43.5,179,15.1
Oriente,4,0,42.3,275,85.1
Oriente,4,1,45.6,466,11.5
Oriente,4,2,48.6,605,6.8
Oriente,4,3,47.1,480,8.2
Oriente,4,4,44.6,439,16.6
Oriente,4,5,49.5,694,66.9
Oriente,4,6,44.6,388,65.1
Oriente,4,7,23.2,143,51.3
Oriente,4,8,27.1,421,5.2
Oriente,4,9,26.8,240,25.9
Oriente,4,10,31.6,331,75.7
Oriente,4,11,35.2,243,87.8
Oriente,4,12,38.8,709,23.9
Oriente,4,13,34.5,789,77.2
Oriente,4,14,30.3,145,46.4
Oriente,4,15,39.1,477,49.8
Oriente,4,16,31.1,559,82.2
Oriente,4,17,20.7,642,96.4
Oriente,4,18,18.1,466,28.7
Oriente,4,19,26.9,504,63.5
Oriente,4,20,48.0,377,91.5
Oriente,4,21,45.3,210,69.6
Oriente,4,22,47.9,321,85.7
Oriente,4,23,49.1,293,98.4
Oriente,5,0,51.4,241,18.4
Oriente,5,1,58.9,558,15.2
Oriente,5,2,54.4,530,8.3
Oriente,5,3,58.8,662,50.5
Oriente,5,4,59.7,392,98.4
Oriente,5,5,56.7,544,16.6
Oriente,5,6,58.8,399,16.2
Oriente,5,7,25.2,491,52.7
Oriente,5,8,35.8,723,7.9
Oriente,5,9,36.0,231,85.8
Oriente,5,10,48.2,478,71.0
Oriente,5,11,43.1,429,82.2
Oriente,5,12,44.6,350,49.4
Oriente,5,13,48.3,334,17.4
Oriente,5,14,47.1,678,10.1
Oriente,5,15,42.4,199,34.8
Oriente,5,16,44.5,624,65.1
Oriente,5,17,34.3,346,84.1
Oriente,5,18,32.1,785,63.4
Oriente,5,19,26.9,573,32.5
Oriente,5,20,56.9,148,17.5
Oriente,5,21,58.6,259,83.7
Oriente,5,22,52.8,550,69.4
Oriente,5,23,55.1,313,21.3
Oriente,6,0,50.3,312,65.3
Oriente,6,1,59.4,709,76.6
Oriente,6,2,57.9,565,26.0
Oriente,6,3,59.1,569,56.0
Oriente,6,4,51.1,412,46.0
Oriente,6,5,58.6,482,38.0
Oriente,6,6,59.8,177,42.3
Oriente,6,7,25.6,617,91.8
Oriente,6,8,29.2,700,29.2
Oriente,6,9,38.7,627,80.5
Oriente,6,10,40.2,773,72.7
Oriente,6,11,43.0,680,28.2
Oriente,6,12,48.7,178,70.4
Oriente,6,13,45.4,167,24.2
Oriente,6,14,40.1,428,30.1
Oriente,6,15,46.0,308,30.0
Oriente,6,16,47.4,133,90.3
Oriente,6,17,37.8,567,59.3
Oriente,6,18,38.4,229,7.9
Oriente,6,19,28.6,656,3.5
Oriente,6,20,55.8,796,85.6
Oriente,6,21,55.2,144,83.1
Oriente,6,22,56.0,180,9.4
Oriente,6,23,59.1,568,82.9
Occidente,0,0,48.8,500,51.7
Occidente,0,1,44.3,321,43.5
Occidente,0,2,47.7,521,89.3
Occidente,0,3,44.4,524,63.1
Occidente,0,4,45.9,591,23.7
Occidente,0,5,45.1,172,38.5
Occidente,0,6,44.9,556,95.1
Occidente,0,7,24.0,620,50.6
Occidente,0,8,24.5,149,25.4
Occidente,0,9,20.4,430,4.6
Occidente,0,10,31.4,293,97.2
Occidente,0,11,33.3,437,19.6
Occidente,0,12,36.1,296,20.7
Occidente,0,13,35.2,103,0.8
Occidente,0,14,32.2,125,10.8
Occidente,0,15,33.4,661,57.2
Occidente,0,16,35.1,305,93.2
Occidente,0,17,21.0,160,61.7
Occidente,0,18,16.7,341,50.7
Occidente,0,19,28.1,445,70.2
Occidente,0,20,49.9,192,27.5
Occidente,0,21,43.9,395,41.1
Occidente,0,22,49.1,599,60.8
Occidente,0,23,43.1,676,95.5
Occidente,1,0,48.2,101,63.6
Occidente,1,1,40.5,280,6.0
Occidente,1,2,46.0,580,11.4
Occidente,1,3,43.8,419,36.9
Occidente,1,4,41.2,393,75.1
Occidente,1,5,40.7,156,35.5
Occidente,1,6,49.4,568,67.9
Occidente,1,7,20.4,515,1.0
Occidente,1,8,24.5,739,61.3
Occidente,1,9,28.1,606,12.1
Occidente,1,10,39.0,146,53.4
Occidente,1,11,31.4,108,42.2
Occidente,1,12,33.0,440,57.7
Occidente,1,13,30.4,186,55.9
Occidente,1,14,33.4,610,65.2
Occidente,1,15,38.5,584,43.0
Occidente,1,16,36.7,292,30.6
Occidente,1,17,26.8,412,79.8
Occidente,1,18,27.3,700,91.7
Occidente,1,19,21.5,323,58.2
Occidente,1,20,43.7,520,70.6
Occidente,1,21,46.9,362,16.7
Occidente,1,22,44.3,199,89.0
Occidente,1,23,43.5,208,2.5
Occidente,2,0,46.5,545,34.1
Occidente,2,1,40.7,386,31.1
Occidente,2,2,46.8,524,36.5
Occidente,2,3,42.2,791,45.4
Occidente,2,4,46.9,198,48.6
Occidente,2,5,40.3,453,96.4
Occidente,2,6,43.8,127,3.1
Occidente,2,7,20.8,212,2.3
Occidente,2,8,26.3,420,28.9
Occidente,2,9,28.5,181,95.6
Occidente,2,10,33.1,721,60.3
Occidente,2,11,38.3,788,28.8
Occidente,2,12,39.6,372,38.6
Occidente,2,13,33.4,478,15.4
Occidente,2,14,35.5,479,76.2
Occidente,2,15,38.3,408,30.2
Occidente,2,16,32.6,236,5.8
Occidente,2,17,20.1,289,96.6
Occidente,2,18,23.4,343,58.0
Occidente,2,19,17.1,410,62.6
Occidente,2,20,44.9,381,99.4
Occidente,2,21,48.8,536,56.9
Occidente,2,22,46.2,240,39.5
Occidente,2,23,40.4,432,54.3
Occidente,3,0,42.3,774,90.9
Occidente,3,1,47.2,473,87.0
Occidente,3,2,41.3,653,12.5
Occidente,3,3,47.9,293,87.7
Occidente,3,4,49.4,204,46.3
Occidente,3,5,49.8,438,86.4
Occidente,3,6,45.9,362,28.6
Occidente,3,7,18.0,633,38.7
Occidente,3,8,22.7,444,57.7
Occidente,3,9,28.0,786,40.8
Occidente,3,10,38.3,635,57.4
Occidente,3,11,39.6,240,10.9
Occidente,3,12,38.5,407,84.7
Occidente,3,13,38.9,143,88.3
Occidente,3,14,34.5,457,62.7
Occidente,3,15,39.3,113,47.7
Occidente,3,16,36.9,605,69.3
Occidente,3,17,17.0,309,35.9
Occidente,3,18,27.1,295,21.1
Occidente,3,19,29.4,106,99.8
Occidente,3,20,46.8,679,29.5
Occidente,3,21,40.1,616,83.4
Occidente,3,22,47.4,199,75.3
Occidente,3,23,47.7,560,76.6
Occidente,4,0,48.5,529,8.9
Occidente,4,1,44.9,154,40.8
Occidente,4,2,44.1,146,34.9
Occidente,4,3,41.1,665,94.8
Occidente,4,4,40.7,768,52.3
Occidente,4,5,43.0,153,50.1
Occidente,4,6,47.9,594,5.0
Occidente,4,7,16.1,382,29.5
Occidente,4,8,18.5,296,80.3
Occidente,4,9,28.9,383,90.6
Occidente,4,10,33.2,433,22.6
Occidente,4,11,36.4,785,60.3
Occidente,4,12,33.6,553,12.3
Occidente,4,13,38.9,452,44.9
Occidente,4,14,35.9,537,7.2
Occidente,4,15,36.8,269,71.4
Occidente,4,16,38.2,662,55.3
Occidente,4,17,22.8,200,77.5
Occidente,4,18,19.1,447,28.4
Occidente,4,19,17.0,540,5.4
Occidente,4,20,47.5,322,0.0
Occidente,4,21,45.1,132,27.6
Occidente,4,22,47.1,143,83.9
Occidente,4,23,40.0,272,74.1
Occidente,5,0,53.2,171,36.0
Occidente,5,1,52.7,689,31.3
Occidente,5,2,57.9,724,43.4
Occidente,5,3,59.1,364,96.4
Occidente,5,4,50.9,580,49.4
Occidente,5,5,53.9,542,70.4
Occidente,5,6,50.0,216,71.3
Occidente,5,7,35.0,776,76.1
Occidente,5,8,39.3,591,29.8
Occidente,5,9,26.6,647,64.4
Occidente,5,10,40.5,352,95.7
Occidente,5,11,45.0,402,45.8
Occidente,5,12,42.1,358,37.0
Occidente,5,13,40.5,637,41.7
Occidente,5,14,48.2,695,21.2
Occidente,5,15,46.6,430,88.0
Occidente,5,16,42.2,574,60.8
Occidente,5,17,29.4,195,65.2
Occidente,5,18,36.1,320,64.5
Occidente,5,19,30.9,599,19.9
Occidente,5,20,58.9,301,36.8
Occidente,5,21,50.6,178,51.6
Occidente,5,22,52.7,684,1.5
Occidente,5,23,53.8,336,1.9
Occidente,6,0,51.2,389,49.3
Occidente,6,1,54.0,471,59.5
Occidente,6,2,50.1,424,96.3
Occidente,6,3,55.2,574,31.2
Occidente,6,4,57.7,641,52.1
Occidente,6,5,59.8,187,1.7
Occidente,6,6,57.7,665,12.0
Occidente,6,7,29.0,112,29.3
Occidente,6,8,36.6,462,34.8
Occidente,6,9,30.6,100,30.0
Occidente,6,10,46.5,781,84.7
Occidente,6,11,40.2,728,78.3
Occidente,6,12,47.8,420,39.8
Occidente,6,13,43.0,145,22.8
Occidente,6,14,42.5,438,74.7
Occidente,6,15,44.7,140,95.8
Occidente,6,16,49.4,649,99.1
Occidente,6,17,33.2,773,7.6
Occidente,6,18,30.5,257,19.6
Occidente,6,19,27.1,535,78.1
Occidente,6,20,55.8,202,81.1
Occidente,6,21,56.4,371,67.4
Occidente,6,22,52.6,341,91.7
Occidente,6,23,52.9,428,89.0
Industrial,0,0,47.1,143,14.7
Industrial,0,1,40.1,541,44.8
Industrial,0,2,41.3,770,53.0
Industrial,0,3,42.4,450,68.0
Industrial,0,4,40.8,292,80.7
Industrial,0,5,44.6,482,43.3
Industrial,0,6,40.4,216,44.6
Industrial,0,7,18.1,134,84.4
Industrial,0,8,29.7,655,85.4
Industrial,0,9,18.6,772,19.7
Industrial,0,10,39.5,796,71.2
Industrial,0,11,39.8,498,26.0
Industrial,0,12,34.4,515,7.3
Industrial,0,13,36.2,786,19.0
Industrial,0,14,37.9,735,94.4
Industrial,0,15,39.6,465,97.7
Industrial,0,16,37.6,213,47.7
Industrial,0,17,25.8,273,64.1
Industrial,0,18,25.0,213,56.5
Industrial,0,19,26.6,449,1.2
Industrial,0,20,40.1,349,92.6
Industrial,0,21,42.3,544,22.2
Industrial,0,22,43.2,693,72.9
Industrial,0,23,41.0,400,2.9
Industrial,1,0,44.8,563,11.9
Industrial,1,1,42.9,378,92.0
Industrial,1,2,49.9,131,76.1
Industrial,1,3,43.7,374,75.4
Industrial,1,4,49.2,765,57.7
Industrial,1,5,43.6,651,25.1
Industrial,1,6,45.6,351,65.7
Industrial,1,7,18.6,234,91.8
Industrial,1,8,16.5,454,22.1
Industrial,1,9,15.6,125,17.5
Industrial,1,10,38.7,297,95.0
Industrial,1,11,35.8,405,58.0
Industrial,1,12,35.2,631,28.2
Industrial,1,13,33.5,725,94.6
Industrial,1,14,38.9,393,78.0
Industrial,1,15,34.8,448,20.5
Industrial,1,16,35.9,230,33.2
Industrial,1,17,27.8,244,7.1
Industrial,1,18,16.0,758,50.7
Industrial,1,19,21.1,667,83.6
Industrial,1,20,43.3,585,77.1
Industrial,1,21,46.5,206,87.6
Industrial,1,22,45.4,297,42.5
Industrial,1,23,40.4,189,76.6
Industrial,2,0,40.0,391,52.3
Industrial,2,1,40.5,781,22.6
Industrial,2,2,43.0,312,23.0
Industrial,2,3,40.0,610,96.7
Industrial,2,4,42.2,564,74.2
Industrial,2,5,48.5,395,30.3
Industrial,2,6,43.3,598,81.7
Industrial,2,7,17.7,359,90.2
Industrial,2,8,27.1,789,75.4
Industrial,2,9,20.9,513,66.1
Industrial,2,10,30.8,481,70.9
Industrial,2,11,31.7,646,58.4
Industrial,2,12,39.5,129,26.5
Industrial,2,13,36.0,307,71.4
Industrial,2,14,37.6,171,51.4
Industrial,2,15,35.1,358,93.3
Industrial,2,16,38.3,588,71.4
Industrial,2,17,21.9,744,69.5
Industrial,2,18,25.9,703,27.4
Industrial,2,19,27.1,236,34.5
Industrial,2,20,43.4,784,85.7
Industrial,2,21,47.0,608,56.2
Industrial,2,22,49.5,447,38.1
Industrial,2,23,41.6,650,73.4
Industrial,3,0,43.8,117,83.9
Industrial,3,1,40.1,592,97.0
Industrial,3,2,44.4,264,70.5
Industrial,3,3,48.2,482,96.7
Industrial,3,4,40.5,453,71.8
Industrial,3,5,48.6,225,80.0
Industrial,3,6,45.5,377,13.2
Industrial,3,7,28.0,210,31.0
Industrial,3,8,19.4,709,67.3
Industrial,3,9,27.0,275,62.5
Industrial,3,10,35.7,682,90.6
Industrial,3,11,30.1,571,5.2
Industrial,3,12,35.5,301,30.7
Industrial,3,13,33.5,534,33.4
Industrial,3,14,37.3,383,6.8
Industrial,3,15,37.8,300,43.3
Industrial,3,16,36.9,332,5.7
Industrial,3,17,20.6,761,64.2
Industrial,3,18,25.1,542,19.9
Industrial,3,19,21.3,625,10.1
Industrial,3,20,42.8,293,43.2
Industrial,3,21,49.8,147,51.9
Industrial,3,22,41.8,779,11.3
Industrial,3,23,44.0,616,70.5
Industrial,4,0,44.2,342,39.8
Industrial,4,1,42.6,243,48.3
Industrial,4,2,42.7,301,65.7
Industrial,4,3,49.7,522,7.7
Industrial,4,4,40.8,765,29.7
Industrial,4,5,40.9,519,62.4
Industrial,4,6,46.5,287,1.5
Industrial,4,7,29.5,275,67.6
Industrial,4,8,25.6,527,31.3
Industrial,4,9,19.1,518,86.6
Industrial,4,10,39.5,174,15.5
Industrial,4,11,39.4,615,88.3
Industrial,4,12,32.0,511,70.1
Industrial,4,13,36.8,385,1.5
Industrial,4,14,35.8,277,45.0
Industrial,4,15,39.6,379,84.0
Industrial,4,16,31.9,570,97.7
Industrial,4,17,16.5,105,43.4
Industrial,4,18,16.4,623,91.5
Industrial,4,19,21.5,281,43.4
Industrial,4,20,47.2,106,58.9
Industrial,4,21,46.1,546,24.2
Industrial,4,22,47.1,163,19.9
Industrial,4,23,48.8,617,1.4
Industrial,5,0,52.5,250,27.1
Industrial,5,1,52.5,143,45.9
Industrial,5,2,57.3,524,67.3
Industrial,5,3,50.8,766,83.8
Industrial,5,4,58.1,676,93.3
Industrial,5,5,55.4,240,61.7
Industrial,5,6,57.4,616,52.1
Industrial,5,7,26.0,359,92.1
Industrial,5,8,33.8,476,26.9
Industrial,5,9,30.5,726,66.6
Industrial,5,10,47.9,418,63.0
Industrial,5,11,42.5,593,42.8
Industrial,5,12,44.4,554,93.6
Industrial,5,13,40.6,677,29.2
Industrial,5,14,44.4,115,30.1
Industrial,5,15,45.0,139,49.1
Industrial,5,16,49.3,173,76.4
Industrial,5,17,31.1,558,26.0
Industrial,5,18,27.4,212,7.0
Industrial,5,19,27.8,564,88.2
Industrial,5,20,58.1,579,11.0
Industrial,5,21,52.9,316,25.0
Industrial,5,22,55.2,474,35.7
Industrial,5,23,53.5,679,78.9
Industrial,6,0,53.1,739,95.3
Industrial,6,1,53.3,348,50.6
Industrial,6,2,59.4,713,10.3
Industrial,6,3,53.9,487,50.3
Industrial,6,4,51.9,701,67.7
Industrial,6,5,58.4,701,74.8
Industrial,6,6,54.4,527,16.0
Industrial,6,7,35.1,225,69.4
Industrial,6,8,28.4,182,16.5
Industrial,6,9,25.0,603,73.2
Industrial,6,10,45.1,212,8.4
Industrial,6,11,40.2,216,89.1
Industrial,6,12,42.4,347,10.5
Industrial,6,13,42.2,463,60.8
Industrial,6,14,42.5,140,39.1
Industrial,6,15,42.3,253,96.0
Industrial,6,16,46.2,489,41.6
Industrial,6,17,31.4,478,69.6
Industrial,6,18,35.5,220,50.0
Industrial,6,19,31.2,709,63.1
Industrial,6,20,55.3,180,60.6
Industrial,6,21,51.2,336,14.3
Industrial,6,22,56.9,244,39.2
Industrial,6,23,59.0,243,50.8
Comercial,0,0,44.2,112,79.3
Comercial,0,1,40.7,431,56.1
Comercial,0,2,46.3,582,25.3
Comercial,0,3,40.1,606,53.6
Comercial,0,4,48.4,674,84.3
Comercial,0,5,44.9,333,79.2
Comercial,0,6,44.5,228,85.5
Comercial,0,7,28.2,426,7.6
Comercial,0,8,20.8,662,90.2
Comercial,0,9,18.1,146,87.7
Comercial,0,10,33.9,479,96.8
Comercial,0,11,30.7,553,7.4
Comercial,0,12,33.8,662,43.3
Comercial,0,13,40.0,491,32.1
Comercial,0,14,32.2,345,37.3
Comercial,0,15,30.7,358,46.4
Comercial,0,16,37.2,559,70.9
Comercial,0,17,15.1,252,66.2
Comercial,0,18,22.3,103,80.4
Comercial,0,19,26.6,483,6.6
Comercial,0,20,47.7,508,78.2
Comercial,0,21,47.5,662,51.8
Comercial,0,22,41.4,569,62.0
Comercial,0,23,47.4,218,19.5
Comercial,1,0,48.9,624,90.8
Comercial,1,1,47.6,518,65.4
Comercial,1,2,48.9,505,63.2
Comercial,1,3,41.6,431,71.6
Comercial,1,4,42.7,241,31.4
Comercial,1,5,42.4,250,42.5
Comercial,1,6,49.1,454,18.8
Comercial,1,7,16.2,587,38.3
Comercial,1,8,27.3,561,79.6
Comercial,1,9,19.1,584,26.4
Comercial,1,10,39.4,545,32.5
Comercial,1,11,32.7,233,69.5
Comercial,1,12,32.2,516,26.5
Comercial,1,13,36.6,670,77.8
Comercial,1,14,37.6,231,8.8
Comercial,1,15,37.0,357,43.2
Comercial,1,16,30.3,281,3.4
Comercial,1,17,28.2,270,55.7
Comercial,1,18,15.6,566,32.3
Comercial,1,19,28.5,721,32.5
Comercial,1,20,49.0,797,82.5
Comercial,1,21,48.4,274,57.7
Comercial,1,22,40.7,166,99.9
Comercial,1,23,43.3,623,80.7
Comercial,2,0,48.6,798,24.1
Comercial,2,1,40.4,387,13.0
Comercial,2,2,40.2,352,78.4
Comercial,2,3,45.7,318,65.4
Comercial,2,4,42.3,110,76.4
Comercial,2,5,46.2,633,3.9
Comercial,2,6,48.4,533,56.3
Comercial,2,7,24.4,705,58.7
Comercial,2,8,23.7,793,75.7
Comercial,2,9,21.6,595,38.9
Comercial,2,10,32.3,517,92.8
Comercial,2,11,39.3,339,52.8
Comercial,2,12,32.1,796,98.1
Comercial,2,13,36.5,663,71.5
Comercial,2,14,35.9,137,45.5
Comercial,2,15,36.7,574,37.3
Comercial,2,16,39.4,217,50.0
Comercial,2,17,25.4,587,64.9
Comercial,2,18,19.1,209,63.6
Comercial,2,19,24.0,225,70.5
Comercial,2,20,44.6,567,83.7
Comercial,2,21,41.7,113,77.9
Comercial,2,22,46.1,589,83.8
Comercial,2,23,48.0,772,53.6
Comercial,3,0,44.9,381,15.4
Comercial,3,1,45.7,293,92.1
Comercial,3,2,45.8,514,35.5
Comercial,3,3,40.5,122,42.3
Comercial,3,4,40.8,524,88.1
Comercial,3,5,48.8,561,21.1
Comercial,3,6,48.6,720,19.7
Comercial,3,7,26.1,300,80.3
Comercial,3,8,30.0,121,89.7
Comercial,3,9,24.3,781,46.5
Comercial,3,10,38.5,143,33.5
Comercial,3,11,30.7,782,81.7
Comercial,3,12,38.5,756,8.5
Comercial,3,13,33.9,149,21.1
Comercial,3,14,32.3,428,26.9
Comercial,3,15,31.0,217,14.7
Comercial,3,16,39.7,631,96.8
Comercial,3,17,21.6,294,79.8
Comercial,3,18,19.9,309,23.3
Comercial,3,19,16.9,279,35.5
Comercial,3,20,46.7,143,21.1
Comercial,3,21,48.1,202,34.3
Comercial,3,22,48.6,208,8.3
Comercial,3,23,44.8,311,56.3
Comercial,4,0,48.0,196,58.1
Comercial,4,1,45.1,200,62.4
Comercial,4,2,42.7,441,8.2
Comercial,4,3,44.6,314,82.2
Comercial,4,4,40.6,393,45.8
Comercial,4,5,47.3,502,66.7
Comercial,4,6,47.8,703,31.4
Comercial,4,7,23.1,688,98.9
Comercial,4,8,28.3,360,19.5
Comercial,4,9,22.3,619,49.3
Comercial,4,10,34.8,686,36.1
Comercial,4,11,38.6,384,32.8
Comercial,4,12,34.5,633,12.6
Comercial,4,13,32.0,766,17.5
Comercial,4,14,35.7,505,49.0
Comercial,4,15,36.4,260,55.3
Comercial,4,16,33.7,563,14.1
Comercial,4,17,23.6,229,27.9
Comercial,4,18,18.3,227,82.6
Comercial,4,19,19.3,748,97.0
Comercial,4,20,45.7,200,37.5
Comercial,4,21,48.0,357,8.7
Comercial,4,22,45.6,691,79.6
Comercial,4,23,41.8,570,22.1
Comercial,5,0,52.2,711,25.0
Comercial,5,1,52.6,100,87.1
Comercial,5,2,57.9,539,75.0
Comercial,5,3,51.5,420,35.1
Comercial,5,4,50.9,440,92.1
Comercial,5,5,50.4,304,20.8
Comercial,5,6,52.4,735,46.8
Comercial,5,7,32.0,632,15.4
Comercial,5,8,32.3,400,59.7
Comercial,5,9,40.0,638,39.8
Comercial,5,10,48.3,219,3.0
Comercial,5,11,42.0,338,51.1
Comercial,5,12,46.2,737,51.0
Comercial,5,13,45.0,135,3.5
Comercial,5,14,45.5,406,83.9
Comercial,5,15,41.6,117,44.9
Comercial,5,16,42.4,134,72.5
Comercial,5,17,26.7,525,28.1
Comercial,5,18,27.6,365,80.1
Comercial,5,19,30.9,625,12.5
Comercial,5,20,57.7,265,67.7
Comercial,5,21,55.7,750,38.7
Comercial,5,22,50.7,113,82.7
Comercial,5,23,55.2,642,23.4
Comercial,6,0,53.5,121,96.1
Comercial,6,1,56.7,753,26.5
Comercial,6,2,56.1,574,31.8
Comercial,6,3,58.5,763,88.5
Comercial,6,4,57.4,294,28.2
Comercial,6,5,59.6,107,71.6
Comercial,6,6,57.1,535,99.0
Comercial,6,7,29.7,337,7.9
Comercial,6,8,31.6,282,34.3
Comercial,6,9,37.5,754,18.6
Comercial,6,10,43.7,750,6.2
Comercial,6,11,40.9,213,59.5
Comercial,6,12,41.5,777,44.7
Comercial,6,13,45.0,272,47.1
Comercial,6,14,46.6,625,75.4
Comercial,6,15,45.8,733,81.7
Comercial,6,16,47.6,138,0.7
Comercial,6,17,28.2,564,41.1
Comercial,6,18,31.0,719,89.6
Comercial,6,19,38.6,319,69.1
Comercial,6,20,52.7,233,18.5
Comercial,6,21,53.4,400,83.1
Comercial,6,22,51.2,614,53.1
Comercial,6,23,52.9,444,30.0
