cod_dpto,nom_dpto,cod_mpio,nom_mpio,tipo,latitud,longitud,geo_municipio
5,antioquia,5001,MEDELLÍN,Municipio,6.257590259,-75.61103107,"{'type': 'Point', 'coordinates': [-75.61103107, 6.257590259]}"
5,antioquia,5002,ABEJORRAL,Municipio,5.803728154,-75.43847353,"{'type': 'Point', 'coordinates': [-75.43847353, 5.803728154]}"
5,antioquia,5004,ABRIAQUÍ,Municipio,6.627569378,-76.08597756,"{'type': 'Point', 'coordinates': [-76.08597756, 6.627569378]}"
5,antioquia,5021,ALEJANDRÍA,Municipio,6.365534125,-75.09059702,"{'type': 'Point', 'coordinates': [-75.09059702, 6.365534125]}"
5,antioquia,5030,AMAGÁ,Municipio,6.032921994,-75.7080031,"{'type': 'Point', 'coordinates': [-75.7080031, 6.032921994]}"
5,antioquia,5031,AMALFI,Municipio,6.977788843,-74.9812393,"{'type': 'Point', 'coordinates': [-74.9812393, 6.977788843]}"
5,antioquia,5034,ANDES,Municipio,5.604993248,-75.94128391,"{'type': 'Point', 'coordinates': [-75.94128391, 5.604993248]}"
5,antioquia,5036,ANGELÓPOLIS,Municipio,6.121430303,-75.71594966,"{'type': 'Point', 'coordinates': [-75.71594966, 6.121430303]}"
5,antioquia,5038,ANGOSTURA,Municipio,6.861498764,-75.358316,"{'type': 'Point', 'coordinates': [-75.358316, 6.861498764]}"
5,antioquia,5040,ANORÍ,Municipio,7.193110778,-75.10848954,"{'type': 'Point', 'coordinates': [-75.10848954, 7.193110778]}"
5,antioquia,5042,SANTA FÉ DE ANTIOQUIA,Municipio,6.535711576,-75.90426658,"{'type': 'Point', 'coordinates': [-75.90426658, 6.535711576]}"
5,antioquia,5044,ANZÁ,Municipio,6.293546613,-75.91736927,"{'type': 'Point', 'coordinates': [-75.91736927, 6.293546613]}"
5,antioquia,5045,APARTADÓ,Municipio,7.86047815,-76.58236264,"{'type': 'Point', 'coordinates': [-76.58236264, 7.86047815]}"
5,antioquia,5051,ARBOLETES,Municipio,8.611395262,-76.41478317,"{'type': 'Point', 'coordinates': [-76.41478317, 8.611395262]}"
5,antioquia,5055,ARGELIA,Municipio,5.708114524,-75.09469795,"{'type': 'Point', 'coordinates': [-75.09469795, 5.708114524]}"
5,antioquia,5059,ARMENIA,Municipio,6.163683758,-75.80995528,"{'type': 'Point', 'coordinates': [-75.80995528, 6.163683758]}"
5,antioquia,5079,BARBOSA,Municipio,6.443417935,-75.32924085,"{'type': 'Point', 'coordinates': [-75.32924085, 6.443417935]}"
5,antioquia,5086,BELMIRA,Municipio,6.665853953,-75.68621659,"{'type': 'Point', 'coordinates': [-75.68621659, 6.665853953]}"
5,antioquia,5088,BELLO,Municipio,6.358841086,-75.58973588,"{'type': 'Point', 'coordinates': [-75.58973588, 6.358841086]}"
5,antioquia,5091,BETANIA,Municipio,5.727081285,-75.98689107,"{'type': 'Point', 'coordinates': [-75.98689107, 5.727081285]}"
5,antioquia,5093,BETULIA,Municipio,6.185783612,-75.95649246,"{'type': 'Point', 'coordinates': [-75.95649246, 6.185783612]}"
5,antioquia,5101,CIUDAD BOLÍVAR,Municipio,5.840995666,-76.01065253,"{'type': 'Point', 'coordinates': [-76.01065253, 5.840995666]}"
5,antioquia,5107,BRICEÑO,Municipio,7.111788462,-75.56223474,"{'type': 'Point', 'coordinates': [-75.56223474, 7.111788462]}"
5,antioquia,5113,BURITICÁ,Municipio,6.80906489,-75.91206595,"{'type': 'Point', 'coordinates': [-75.91206595, 6.80906489]}"
5,antioquia,5120,CÁCERES,Municipio,7.665155105,-75.22369744,"{'type': 'Point', 'coordinates': [-75.22369744, 7.665155105]}"
5,antioquia,5125,CAICEDO,Municipio,6.423463639,-75.99351498,"{'type': 'Point', 'coordinates': [-75.99351498, 6.423463639]}"
5,antioquia,5129,CALDAS,Municipio,6.054446841,-75.62642674,"{'type': 'Point', 'coordinates': [-75.62642674, 6.054446841]}"
5,antioquia,5134,CAMPAMENTO,Municipio,7.036017478,-75.28766178,"{'type': 'Point', 'coordinates': [-75.28766178, 7.036017478]}"
5,antioquia,5138,CAÑASGORDAS,Municipio,6.814950023,-76.02689632,"{'type': 'Point', 'coordinates': [-76.02689632, 6.814950023]}"
5,antioquia,5142,CARACOLÍ,Municipio,6.33797388,-74.73354817,"{'type': 'Point', 'coordinates': [-74.73354817, 6.33797388]}"
5,antioquia,5145,CARAMANTA,Municipio,5.555275296,-75.63082096,"{'type': 'Point', 'coordinates': [-75.63082096, 5.555275296]}"
5,antioquia,5147,CAREPA,Municipio,7.757967437,-76.64374657,"{'type': 'Point', 'coordinates': [-76.64374657, 7.757967437]}"
5,antioquia,5148,EL CARMEN DE VIBORAL,Municipio,5.978078841,-75.2635361,"{'type': 'Point', 'coordinates': [-75.2635361, 5.978078841]}"
5,antioquia,5150,CAROLINA,Municipio,6.754821442,-75.30590654,"{'type': 'Point', 'coordinates': [-75.30590654, 6.754821442]}"
5,antioquia,5154,CAUCASIA,Municipio,7.867941792,-75.03501824,"{'type': 'Point', 'coordinates': [-75.03501824, 7.867941792]}"
5,antioquia,5172,CHIGORODÓ,Municipio,7.631665644,-76.63964213,"{'type': 'Point', 'coordinates': [-76.63964213, 7.631665644]}"
5,antioquia,5190,CISNEROS,Municipio,6.550065431,-75.08254116,"{'type': 'Point', 'coordinates': [-75.08254116, 6.550065431]}"
5,antioquia,5197,COCORNÁ,Municipio,6.005593074,-75.16015403,"{'type': 'Point', 'coordinates': [-75.16015403, 6.005593074]}"
5,antioquia,5206,CONCEPCIÓN,Municipio,6.376106187,-75.21785901,"{'type': 'Point', 'coordinates': [-75.21785901, 6.376106187]}"
5,antioquia,5209,CONCORDIA,Municipio,6.057468678,-75.90014678,"{'type': 'Point', 'coordinates': [-75.90014678, 6.057468678]}"
5,antioquia,5212,COPACABANA,Municipio,6.351882893,-75.50075633,"{'type': 'Point', 'coordinates': [-75.50075633, 6.351882893]}"
5,antioquia,5234,DABEIBA,Municipio,6.992243782,-76.31426328,"{'type': 'Point', 'coordinates': [-76.31426328, 6.992243782]}"
5,antioquia,5237,DONMATÍAS,Municipio,6.492403905,-75.42227687,"{'type': 'Point', 'coordinates': [-75.42227687, 6.492403905]}"
5,antioquia,5240,EBÉJICO,Municipio,6.326444922,-75.78331175,"{'type': 'Point', 'coordinates': [-75.78331175, 6.326444922]}"
5,antioquia,5250,EL BAGRE,Municipio,7.704633351,-74.66427726,"{'type': 'Point', 'coordinates': [-74.66427726, 7.704633351]}"
5,antioquia,5264,ENTRERRÍOS,Municipio,6.594656004,-75.55913083,"{'type': 'Point', 'coordinates': [-75.55913083, 6.594656004]}"
5,antioquia,5266,ENVIGADO,Municipio,6.154394922,-75.54686779,"{'type': 'Point', 'coordinates': [-75.54686779, 6.154394922]}"
5,antioquia,5282,FREDONIA,Municipio,5.887702934,-75.67926242,"{'type': 'Point', 'coordinates': [-75.67926242, 5.887702934]}"
5,antioquia,5284,FRONTINO,Municipio,6.691364773,-76.33199656,"{'type': 'Point', 'coordinates': [-76.33199656, 6.691364773]}"
5,antioquia,5306,GIRALDO,Municipio,6.663095863,-75.94804663,"{'type': 'Point', 'coordinates': [-75.94804663, 6.663095863]}"
5,antioquia,5308,GIRARDOTA,Municipio,6.379745895,-75.44795744,"{'type': 'Point', 'coordinates': [-75.44795744, 6.379745895]}"
5,antioquia,5310,GÓMEZ PLATA,Municipio,6.709562839,-75.19270291,"{'type': 'Point', 'coordinates': [-75.19270291, 6.709562839]}"
5,antioquia,5313,GRANADA,Municipio,6.123380721,-75.12763646,"{'type': 'Point', 'coordinates': [-75.12763646, 6.123380721]}"
5,antioquia,5315,GUADALUPE,Municipio,6.861576325,-75.22591303,"{'type': 'Point', 'coordinates': [-75.22591303, 6.861576325]}"
5,antioquia,5318,GUARNE,Municipio,6.266625703,-75.43730801,"{'type': 'Point', 'coordinates': [-75.43730801, 6.266625703]}"
5,antioquia,5321,GUATAPÉ,Municipio,6.236329826,-75.15651272,"{'type': 'Point', 'coordinates': [-75.15651272, 6.236329826]}"
5,antioquia,5347,HELICONIA,Municipio,6.214511788,-75.74971002,"{'type': 'Point', 'coordinates': [-75.74971002, 6.214511788]}"
5,antioquia,5353,HISPANIA,Municipio,5.797039002,-75.90669203,"{'type': 'Point', 'coordinates': [-75.90669203, 5.797039002]}"
5,antioquia,5360,ITAGÜÍ,Municipio,6.179279438,-75.6142037,"{'type': 'Point', 'coordinates': [-75.6142037, 6.179279438]}"
5,antioquia,5361,ITUANGO,Municipio,7.341549718,-75.67842277,"{'type': 'Point', 'coordinates': [-75.67842277, 7.341549718]}"
5,antioquia,5364,JARDÍN,Municipio,5.574444339,-75.81842575,"{'type': 'Point', 'coordinates': [-75.81842575, 5.574444339]}"
5,antioquia,5368,JERICÓ,Municipio,5.769820536,-75.76488256,"{'type': 'Point', 'coordinates': [-75.76488256, 5.769820536]}"
5,antioquia,5376,LA CEJA,Municipio,5.992524843,-75.43086935,"{'type': 'Point', 'coordinates': [-75.43086935, 5.992524843]}"
5,antioquia,5380,LA ESTRELLA,Municipio,6.137595883,-75.64895499,"{'type': 'Point', 'coordinates': [-75.64895499, 6.137595883]}"
5,antioquia,5390,LA PINTADA,Municipio,5.746583958,-75.60220206,"{'type': 'Point', 'coordinates': [-75.60220206, 5.746583958]}"
5,antioquia,5400,LA UNIÓN,Municipio,5.940434685,-75.35429023,"{'type': 'Point', 'coordinates': [-75.35429023, 5.940434685]}"
5,antioquia,5411,LIBORINA,Municipio,6.723990935,-75.78300046,"{'type': 'Point', 'coordinates': [-75.78300046, 6.723990935]}"
5,antioquia,5425,MACEO,Municipio,6.534573585,-74.71410854,"{'type': 'Point', 'coordinates': [-74.71410854, 6.534573585]}"
5,antioquia,5440,MARINILLA,Municipio,6.18520515,-75.30487933,"{'type': 'Point', 'coordinates': [-75.30487933, 6.18520515]}"
5,antioquia,5467,MONTEBELLO,Municipio,5.916853903,-75.51972693,"{'type': 'Point', 'coordinates': [-75.51972693, 5.916853903]}"
5,antioquia,5475,MURINDÓ,Municipio,6.828773855,-76.70861349,"{'type': 'Point', 'coordinates': [-76.70861349, 6.828773855]}"
5,antioquia,5480,MUTATÁ,Municipio,7.329557848,-76.4630657,"{'type': 'Point', 'coordinates': [-76.4630657, 7.329557848]}"
5,antioquia,5483,NARIÑO,Municipio,5.581275312,-75.19457019,"{'type': 'Point', 'coordinates': [-75.19457019, 5.581275312]}"
5,antioquia,5490,NECOCLÍ,Municipio,8.493728551,-76.67699588,"{'type': 'Point', 'coordinates': [-76.67699588, 8.493728551]}"
5,antioquia,5495,NECHÍ,Municipio,7.983477394,-74.65844186,"{'type': 'Point', 'coordinates': [-74.65844186, 7.983477394]}"
5,antioquia,5501,OLAYA,Municipio,6.611418083,-75.77567097,"{'type': 'Point', 'coordinates': [-75.77567097, 6.611418083]}"
5,antioquia,5541,PEÑOL,Municipio,6.232396368,-75.22350906,"{'type': 'Point', 'coordinates': [-75.22350906, 6.232396368]}"
5,antioquia,5543,PEQUE,Municipio,7.044180058,-75.88968843,"{'type': 'Point', 'coordinates': [-75.88968843, 7.044180058]}"
5,antioquia,5576,PUEBLORRICO,Municipio,5.80970186,-75.86076667,"{'type': 'Point', 'coordinates': [-75.86076667, 5.80970186]}"
5,antioquia,5579,PUERTO BERRÍO,Municipio,6.481922267,-74.5287421,"{'type': 'Point', 'coordinates': [-74.5287421, 6.481922267]}"
5,antioquia,5585,PUERTO NARE,Municipio,6.126539139,-74.70317722,"{'type': 'Point', 'coordinates': [-74.70317722, 6.126539139]}"
5,antioquia,5591,PUERTO TRIUNFO,Municipio,5.954830151,-74.6861918,"{'type': 'Point', 'coordinates': [-74.6861918, 5.954830151]}"
5,antioquia,5604,REMEDIOS,Municipio,6.997267375,-74.55865652,"{'type': 'Point', 'coordinates': [-74.55865652, 6.997267375]}"
5,antioquia,5607,RETIRO,Municipio,6.053444254,-75.51573805,"{'type': 'Point', 'coordinates': [-75.51573805, 6.053444254]}"
5,antioquia,5615,RIONEGRO,Municipio,6.150785807,-75.41076052,"{'type': 'Point', 'coordinates': [-75.41076052, 6.150785807]}"
5,antioquia,5628,SABANALARGA,Municipio,6.901000506,-75.79222754,"{'type': 'Point', 'coordinates': [-75.79222754, 6.901000506]}"
5,antioquia,5631,SABANETA,Municipio,6.138305183,-75.60880599,"{'type': 'Point', 'coordinates': [-75.60880599, 6.138305183]}"
5,antioquia,5642,SALGAR,Municipio,5.970502334,-75.98137251,"{'type': 'Point', 'coordinates': [-75.98137251, 5.970502334]}"
5,antioquia,5647,SAN ANDRÉS DE CUERQUÍA,Municipio,6.918427233,-75.6657758,"{'type': 'Point', 'coordinates': [-75.6657758, 6.918427233]}"
5,antioquia,5649,SAN CARLOS,Municipio,6.193789659,-74.90732769,"{'type': 'Point', 'coordinates': [-74.90732769, 6.193789659]}"
5,antioquia,5652,SAN FRANCISCO,Municipio,5.840093731,-74.98176334,"{'type': 'Point', 'coordinates': [-74.98176334, 5.840093731]}"
5,antioquia,5656,SAN JERÓNIMO,Municipio,6.438300409,-75.70310727,"{'type': 'Point', 'coordinates': [-75.70310727, 6.438300409]}"
5,antioquia,5658,SAN JOSÉ DE LA MONTAÑA,Municipio,6.823258913,-75.67770826,"{'type': 'Point', 'coordinates': [-75.67770826, 6.823258913]}"
5,antioquia,5659,SAN JUAN DE URABÁ,Municipio,8.707141583,-76.53248234,"{'type': 'Point', 'coordinates': [-76.53248234, 8.707141583]}"
5,antioquia,5660,SAN LUIS,Municipio,6.024205956,-75.0076674,"{'type': 'Point', 'coordinates': [-75.0076674, 6.024205956]}"
5,antioquia,5664,SAN PEDRO DE LOS MILAGROS,Municipio,6.458666308,-75.5624839,"{'type': 'Point', 'coordinates': [-75.5624839, 6.458666308]}"
5,antioquia,5665,SAN PEDRO DE URABÁ,Municipio,8.37915695,-76.31664233,"{'type': 'Point', 'coordinates': [-76.31664233, 8.37915695]}"
5,antioquia,5667,SAN RAFAEL,Municipio,6.31074453,-74.99858652,"{'type': 'Point', 'coordinates': [-74.99858652, 6.31074453]}"
5,antioquia,5670,SAN ROQUE,Municipio,6.466165211,-74.9450732,"{'type': 'Point', 'coordinates': [-74.9450732, 6.466165211]}"
5,antioquia,5674,SAN VICENTE FERRER,Municipio,6.310387522,-75.32740163,"{'type': 'Point', 'coordinates': [-75.32740163, 6.310387522]}"
5,antioquia,5679,SANTA BÁRBARA,Municipio,5.878984956,-75.58330371,"{'type': 'Point', 'coordinates': [-75.58330371, 5.878984956]}"
5,antioquia,5686,SANTA ROSA DE OSOS,Municipio,6.675827825,-75.43814333,"{'type': 'Point', 'coordinates': [-75.43814333, 6.675827825]}"
5,antioquia,5690,SANTO DOMINGO,Municipio,6.481044132,-75.14260097,"{'type': 'Point', 'coordinates': [-75.14260097, 6.481044132]}"
5,antioquia,5697,EL SANTUARIO,Municipio,6.124209495,-75.25212278,"{'type': 'Point', 'coordinates': [-75.25212278, 6.124209495]}"
5,antioquia,5736,SEGOVIA,Municipio,7.26692339,-74.62163926,"{'type': 'Point', 'coordinates': [-74.62163926, 7.26692339]}"
5,antioquia,5756,SONSÓN,Municipio,5.826388779,-74.83637623,"{'type': 'Point', 'coordinates': [-74.83637623, 5.826388779]}"
5,antioquia,5761,SOPETRÁN,Municipio,6.520164552,-75.74580903,"{'type': 'Point', 'coordinates': [-75.74580903, 6.520164552]}"
5,antioquia,5789,TÁMESIS,Municipio,5.673758571,-75.70979974,"{'type': 'Point', 'coordinates': [-75.70979974, 5.673758571]}"
5,antioquia,5790,TARAZÁ,Municipio,7.488875998,-75.40189438,"{'type': 'Point', 'coordinates': [-75.40189438, 7.488875998]}"
5,antioquia,5792,TARSO,Municipio,5.871064557,-75.82871144,"{'type': 'Point', 'coordinates': [-75.82871144, 5.871064557]}"
5,antioquia,5809,TITIRIBÍ,Municipio,6.058349971,-75.79966005,"{'type': 'Point', 'coordinates': [-75.79966005, 6.058349971]}"
5,antioquia,5819,TOLEDO,Municipio,7.016397069,-75.71363382,"{'type': 'Point', 'coordinates': [-75.71363382, 7.016397069]}"
5,antioquia,5837,TURBO,Municipio,8.173851745,-76.5740377,"{'type': 'Point', 'coordinates': [-76.5740377, 8.173851745]}"
5,antioquia,5842,URAMITA,Municipio,6.913916924,-76.13318514,"{'type': 'Point', 'coordinates': [-76.13318514, 6.913916924]}"
5,antioquia,5847,URRAO,Municipio,6.33534134,-76.25906482,"{'type': 'Point', 'coordinates': [-76.25906482, 6.33534134]}"
5,antioquia,5854,VALDIVIA,Municipio,7.265404213,-75.40094502,"{'type': 'Point', 'coordinates': [-75.40094502, 7.265404213]}"
5,antioquia,5856,VALPARAÍSO,Municipio,5.651937802,-75.63083412,"{'type': 'Point', 'coordinates': [-75.63083412, 5.651937802]}"
5,antioquia,5858,VEGACHÍ,Municipio,6.836535122,-74.7540302,"{'type': 'Point', 'coordinates': [-74.7540302, 6.836535122]}"
5,antioquia,5861,VENECIA,Municipio,5.956576355,-75.77722423,"{'type': 'Point', 'coordinates': [-75.77722423, 5.956576355]}"
5,antioquia,5873,VIGÍA DEL FUERTE,Municipio,6.453351334,-76.69504802,"{'type': 'Point', 'coordinates': [-76.69504802, 6.453351334]}"
5,antioquia,5885,YALÍ,Municipio,6.716870679,-74.75565002,"{'type': 'Point', 'coordinates': [-74.75565002, 6.716870679]}"
5,antioquia,5887,YARUMAL,Municipio,6.9881309,-75.45439957,"{'type': 'Point', 'coordinates': [-75.45439957, 6.9881309]}"
5,antioquia,5890,YOLOMBÓ,Municipio,6.64442786,-75.02990266,"{'type': 'Point', 'coordinates': [-75.02990266, 6.64442786]}"
5,antioquia,5893,YONDÓ,Municipio,6.925159318,-74.15824041,"{'type': 'Point', 'coordinates': [-74.15824041, 6.925159318]}"
5,antioquia,5895,ZARAGOZA,Municipio,7.474004006,-74.85848326,"{'type': 'Point', 'coordinates': [-74.85848326, 7.474004006]}"
76,valle del cauca,76001,CALI,Municipio,3.399043723,-76.57649259,"{'type': 'Point', 'coordinates': [-76.57649259, 3.399043723]}"
76,valle del cauca,76020,ALCALÁ,Municipio,4.6788971,-75.78297932,"{'type': 'Point', 'coordinates': [-75.78297932, 4.6788971]}"
76,valle del cauca,76036,ANDALUCÍA,Municipio,4.153314228,-76.16063341,"{'type': 'Point', 'coordinates': [-76.16063341, 4.153314228]}"
76,valle del cauca,76041,ANSERMANUEVO,Municipio,4.795927292,-76.02963049,"{'type': 'Point', 'coordinates': [-76.02963049, 4.795927292]}"
76,valle del cauca,76054,ARGELIA,Municipio,4.704287864,-76.14164999,"{'type': 'Point', 'coordinates': [-76.14164999, 4.704287864]}"
76,valle del cauca,76100,BOLÍVAR,Municipio,4.393118861,-76.34982039,"{'type': 'Point', 'coordinates': [-76.34982039, 4.393118861]}"
76,valle del cauca,76109,BUENAVENTURA,Municipio,3.493340766,-77.11872832,"{'type': 'Point', 'coordinates': [-77.11872832, 3.493340766]}"
76,valle del cauca,76111,GUADALAJARA DE BUGA,Municipio,3.819854318,-75.98312419,"{'type': 'Point', 'coordinates': [-75.98312419, 3.819854318]}"
76,valle del cauca,76113,BUGALAGRANDE,Municipio,4.196852991,-76.0896103,"{'type': 'Point', 'coordinates': [-76.0896103, 4.196852991]}"
76,valle del cauca,76122,CAICEDONIA,Municipio,4.308997973,-75.83672567,"{'type': 'Point', 'coordinates': [-75.83672567, 4.308997973]}"
76,valle del cauca,76126,CALIMA,Municipio,3.923271619,-76.64260484,"{'type': 'Point', 'coordinates': [-76.64260484, 3.923271619]}"
76,valle del cauca,76130,CANDELARIA,Municipio,3.382091564,-76.38317663,"{'type': 'Point', 'coordinates': [-76.38317663, 3.382091564]}"
76,valle del cauca,76147,CARTAGO,Municipio,4.70684716,-75.91790846,"{'type': 'Point', 'coordinates': [-75.91790846, 4.70684716]}"
76,valle del cauca,76233,DAGUA,Municipio,3.649822218,-76.72039347,"{'type': 'Point', 'coordinates': [-76.72039347, 3.649822218]}"
76,valle del cauca,76243,EL ÁGUILA,Municipio,4.917562873,-76.06601001,"{'type': 'Point', 'coordinates': [-76.06601001, 4.917562873]}"
76,valle del cauca,76246,EL CAIRO,Municipio,4.756063701,-76.21502826,"{'type': 'Point', 'coordinates': [-76.21502826, 4.756063701]}"
76,valle del cauca,76248,EL CERRITO,Municipio,3.656072873,-76.30841784,"{'type': 'Point', 'coordinates': [-76.30841784, 3.656072873]}"
76,valle del cauca,76250,EL DOVIO,Municipio,4.539979729,-76.28762701,"{'type': 'Point', 'coordinates': [-76.28762701, 4.539979729]}"
76,valle del cauca,76275,FLORIDA,Municipio,3.304104295,-76.16477307,"{'type': 'Point', 'coordinates': [-76.16477307, 3.304104295]}"
76,valle del cauca,76306,GINEBRA,Municipio,3.74410441,-76.19082004,"{'type': 'Point', 'coordinates': [-76.19082004, 3.74410441]}"
76,valle del cauca,76318,GUACARÍ,Municipio,3.759414991,-76.34518277,"{'type': 'Point', 'coordinates': [-76.34518277, 3.759414991]}"
76,valle del cauca,76364,JAMUNDÍ,Municipio,3.213892389,-76.62760418,"{'type': 'Point', 'coordinates': [-76.62760418, 3.213892389]}"
76,valle del cauca,76377,LA CUMBRE,Municipio,3.694303106,-76.58989905,"{'type': 'Point', 'coordinates': [-76.58989905, 3.694303106]}"
76,valle del cauca,76400,LA UNIÓN,Municipio,4.537937391,-76.10328983,"{'type': 'Point', 'coordinates': [-76.10328983, 4.537937391]}"
76,valle del cauca,76403,LA VICTORIA,Municipio,4.483511142,-75.96677303,"{'type': 'Point', 'coordinates': [-75.96677303, 4.483511142]}"
76,valle del cauca,76497,OBANDO,Municipio,4.597588666,-75.9491997,"{'type': 'Point', 'coordinates': [-75.9491997, 4.597588666]}"
76,valle del cauca,76520,PALMIRA,Municipio,3.558392876,-76.22779972,"{'type': 'Point', 'coordinates': [-76.22779972, 3.558392876]}"
76,valle del cauca,76563,PRADERA,Municipio,3.42063665,-76.17841841,"{'type': 'Point', 'coordinates': [-76.17841841, 3.42063665]}"
76,valle del cauca,76606,RESTREPO,Municipio,3.806494973,-76.53489853,"{'type': 'Point', 'coordinates': [-76.53489853, 3.806494973]}"
76,valle del cauca,76616,RIOFRÍO,Municipio,4.109500298,-76.37105443,"{'type': 'Point', 'coordinates': [-76.37105443, 4.109500298]}"
76,valle del cauca,76622,ROLDANILLO,Municipio,4.443571848,-76.16824249,"{'type': 'Point', 'coordinates': [-76.16824249, 4.443571848]}"
76,valle del cauca,76670,SAN PEDRO,Municipio,3.98143244,-76.20836168,"{'type': 'Point', 'coordinates': [-76.20836168, 3.98143244]}"
76,valle del cauca,76736,SEVILLA,Municipio,4.193411919,-75.88818163,"{'type': 'Point', 'coordinates': [-75.88818163, 4.193411919]}"
76,valle del cauca,76823,TORO,Municipio,4.638421279,-76.08106176,"{'type': 'Point', 'coordinates': [-76.08106176, 4.638421279]}"
76,valle del cauca,76828,TRUJILLO,Municipio,4.233268116,-76.34292699,"{'type': 'Point', 'coordinates': [-76.34292699, 4.233268116]}"
76,valle del cauca,76834,TULUÁ,Municipio,4.02840797,-76.03250379,"{'type': 'Point', 'coordinates': [-76.03250379, 4.02840797]}"
76,valle del cauca,76845,ULLOA,Municipio,4.707718947,-75.77835903,"{'type': 'Point', 'coordinates': [-75.77835903, 4.707718947]}"
76,valle del cauca,76863,VERSALLES,Municipio,4.644242641,-76.25924483,"{'type': 'Point', 'coordinates': [-76.25924483, 4.644242641]}"
76,valle del cauca,76869,VIJES,Municipio,3.74365889,-76.47064718,"{'type': 'Point', 'coordinates': [-76.47064718, 3.74365889]}"
76,valle del cauca,76890,YOTOCO,Municipio,3.904130354,-76.39080435,"{'type': 'Point', 'coordinates': [-76.39080435, 3.904130354]}"
76,valle del cauca,76892,YUMBO,Municipio,3.595913669,-76.5109879,"{'type': 'Point', 'coordinates': [-76.5109879, 3.595913669]}"
76,valle del cauca,76895,ZARZAL,Municipio,4.35359875,-76.05065336,"{'type': 'Point', 'coordinates': [-76.05065336, 4.35359875]}"
