zona,dia_semana,hora,velocidad_promedio,flujo_vehicular,nivel_congestion,factor_congestion,velocidad_ajustada,categoria_hora,es_fin_semana
Centro,0,0,46.5,223,94.0,0.94,33.387,Bajo,0
Centro,0,1,49.5,740,37.0,0.37,44.0055,Bajo,0
Centro,0,2,40.2,749,42.8,0.428,35.038320000000006,Bajo,0
Centro,0,3,49.7,774,85.3,0.853,36.981770000000004,Bajo,0
Centro,0,4,42.9,369,85.1,0.851,31.94763,Bajo,0
Centro,0,5,43.2,218,55.7,0.557,35.98128,Bajo,0
Centro,0,6,49.4,587,57.0,0.57,40.9526,Bajo,0
Centro,0,7,16.5,530,99.0,0.99,11.5995,Pico,0
Centro,0,8,17.1,462,87.7,0.877,12.600990000000001,Pico,0
Centro,0,9,26.1,587,70.2,0.7020000000000001,20.60334,Pico,0
Centro,0,10,33.6,305,80.9,0.809,25.44528,Normal,0
Centro,0,11,38.1,706,91.3,0.9129999999999999,27.66441,Normal,0
Centro,0,12,35.1,451,79.8,0.7979999999999999,26.697060000000004,Normal,0
Centro,0,13,36.5,591,79.6,0.7959999999999999,27.783800000000003,Normal,0
Centro,0,14,38.9,336,37.6,0.376,34.51208,Normal,0
Centro,0,15,30.9,504,3.6,0.036000000000000004,30.56628,Normal,0
Centro,0,16,34.7,479,28.7,0.287,31.712330000000005,Normal,0
Centro,0,17,23.9,121,3.7,0.037000000000000005,23.63471,Pico,0
Centro,0,18,27.3,352,12.7,0.127,26.25987,Pico,0
Centro,0,19,22.8,638,21.6,0.21600000000000003,21.322560000000003,Pico,0
Centro,0,20,46.2,159,5.2,0.052000000000000005,45.47928,Bajo,0
Centro,0,21,45.3,478,63.7,0.637,36.64317,Bajo,0
Centro,0,22,47.3,783,51.6,0.516,39.977959999999996,Bajo,0
Centro,0,23,43.2,656,27.1,0.271,39.68784,Bajo,0
Centro,1,0,44.4,154,2.5,0.025,44.067,Bajo,0
Centro,1,1,49.6,685,69.6,0.696,39.243520000000004,Bajo,0
Centro,1,2,44.1,221,15.6,0.156,42.036120000000004,Bajo,0
Centro,1,3,42.5,484,71.5,0.715,33.38375,Bajo,0
Centro,1,4,46.6,295,95.5,0.955,33.2491,Bajo,0
Centro,1,5,47.4,488,61.2,0.612,38.697359999999996,Bajo,0
Centro,1,6,44.2,273,35.6,0.35600000000000004,39.479440000000004,Bajo,0
Centro,1,7,26.4,110,11.6,0.11599999999999999,25.48128,Pico,0
Centro,1,8,15.7,128,85.5,0.855,11.67295,Pico,0
Centro,1,9,25.6,431,9.8,0.098,24.847360000000002,Pico,0
Centro,1,10,34.9,431,17.3,0.17300000000000001,33.08869,Normal,0
Centro,1,11,34.3,378,61.6,0.616,27.96136,Normal,0
Centro,1,12,36.4,131,37.5,0.375,32.305,Normal,0
Centro,1,13,36.3,452,85.6,0.856,26.978160000000003,Normal,0
Centro,1,14,36.6,214,7.1,0.071,35.82042,Normal,0
Centro,1,15,36.4,118,58.6,0.586,30.00088,Normal,0
Centro,1,16,39.4,502,38.8,0.38799999999999996,34.81384,Normal,0
Centro,1,17,24.6,420,54.6,0.546,20.570520000000002,Pico,0
Centro,1,18,29.1,370,96.1,0.961,20.71047,Pico,0
Centro,1,19,28.6,237,6.9,0.069,28.00798,Pico,0
Centro,1,20,41.0,112,9.4,0.094,39.8438,Bajo,0
Centro,1,21,46.8,149,31.9,0.319,42.321239999999996,Bajo,0
Centro,1,22,48.4,116,81.4,0.8140000000000001,36.58072,Bajo,0
Centro,1,23,42.8,182,69.7,0.6970000000000001,33.850519999999996,Bajo,0
Centro,2,0,46.3,714,73.5,0.735,36.090849999999996,Bajo,0
Centro,2,1,48.0,297,17.7,0.177,45.4512,Bajo,0
Centro,2,2,47.5,664,99.1,0.991,33.37825,Bajo,0
Centro,2,3,44.1,360,77.6,0.7759999999999999,33.83352000000001,Bajo,0
Centro,2,4,43.4,751,85.8,0.858,32.22884,Bajo,0
Centro,2,5,44.3,625,75.5,0.755,34.26605,Bajo,0
Centro,2,6,41.0,731,50.5,0.505,34.7885,Bajo,0
Centro,2,7,27.4,324,89.6,0.8959999999999999,20.03488,Pico,0
Centro,2,8,20.8,107,90.5,0.905,15.1528,Pico,0
Centro,2,9,16.4,323,95.0,0.95,11.726,Pico,0
Centro,2,10,39.5,501,63.2,0.632,32.0108,Normal,0
Centro,2,11,34.5,305,32.9,0.32899999999999996,31.09485,Normal,0
Centro,2,12,36.7,626,79.2,0.792,27.98008,Normal,0
Centro,2,13,37.9,163,49.4,0.494,32.28322,Normal,0
Centro,2,14,30.6,484,44.2,0.442,26.54244,Normal,0
Centro,2,15,38.9,345,11.7,0.11699999999999999,37.53461,Normal,0
Centro,2,16,31.4,633,61.8,0.618,25.578439999999997,Normal,0
Centro,2,17,16.5,158,70.1,0.701,13.030050000000001,Pico,0
Centro,2,18,16.1,675,70.6,0.706,12.69002,Pico,0
Centro,2,19,16.2,159,98.7,0.987,11.403179999999999,Pico,0
Centro,2,20,43.7,359,81.3,0.813,33.04157,Bajo,0
Centro,2,21,49.5,790,75.3,0.753,38.31795,Bajo,0
Centro,2,22,43.8,158,77.7,0.777,33.59022,Bajo,0
Centro,2,23,45.6,396,90.6,0.9059999999999999,33.20592,Bajo,0
Centro,3,0,41.1,444,1.1,0.011000000000000001,40.96437,Bajo,0
Centro,3,1,44.7,139,11.9,0.11900000000000001,43.10421,Bajo,0
Centro,3,2,41.2,554,74.6,0.746,31.979440000000004,Bajo,0
Centro,3,3,45.8,773,37.5,0.375,40.647499999999994,Bajo,0
Centro,3,4,42.9,708,22.4,0.22399999999999998,40.01712,Bajo,0
Centro,3,5,49.6,108,97.0,0.97,35.1664,Bajo,0
Centro,3,6,40.4,723,52.8,0.528,34.00064,Bajo,0
Centro,3,7,29.9,151,55.4,0.5539999999999999,24.930619999999998,Pico,0
Centro,3,8,29.5,466,62.9,0.629,23.93335,Pico,0
Centro,3,9,25.4,418,62.8,0.628,20.614639999999998,Pico,0
Centro,3,10,35.8,730,4.5,0.045,35.3167,Normal,0
Centro,3,11,32.8,765,89.0,0.89,24.042399999999997,Normal,0
Centro,3,12,34.6,534,27.7,0.27699999999999997,31.724740000000004,Normal,0
Centro,3,13,31.9,424,35.3,0.353,28.52179,Normal,0
Centro,3,14,35.8,154,97.4,0.9740000000000001,25.339239999999997,Normal,0
Centro,3,15,39.9,588,53.6,0.536,33.48408,Normal,0
Centro,3,16,33.1,669,68.5,0.685,26.29795,Normal,0
Centro,3,17,17.4,737,82.3,0.823,13.103939999999998,Pico,0
Centro,3,18,29.2,608,61.3,0.613,23.83012,Pico,0
Centro,3,19,21.3,752,86.6,0.866,15.766259999999999,Pico,0
Centro,3,20,40.5,118,37.6,0.376,35.9316,Bajo,0
Centro,3,21,48.1,791,15.0,0.15,45.9355,Bajo,0
Centro,3,22,45.9,366,97.0,0.97,32.5431,Bajo,0
Centro,3,23,48.4,686,46.9,0.469,41.59012,Bajo,0
Centro,4,0,44.1,291,5.6,0.055999999999999994,43.35912,Bajo,0
Centro,4,1,48.6,669,100.0,1.0,34.019999999999996,Bajo,0
Centro,4,2,50.0,488,76.9,0.769,38.464999999999996,Bajo,0
Centro,4,3,49.4,694,24.7,0.247,45.739459999999994,Bajo,0
Centro,4,4,44.5,190,95.4,0.9540000000000001,31.7641,Bajo,0
Centro,4,5,46.1,260,67.2,0.672,36.80624,Bajo,0
Centro,4,6,46.2,350,11.4,0.114,44.61996,Bajo,0
Centro,4,7,25.1,464,77.2,0.772,19.28684,Pico,0
Centro,4,8,22.8,696,55.2,0.552,19.024320000000003,Pico,0
Centro,4,9,23.4,713,40.3,0.40299999999999997,20.57094,Pico,0
Centro,4,10,31.3,120,75.5,0.755,24.21055,Normal,0
Centro,4,11,36.2,592,21.3,0.213,33.88682000000001,Normal,0
Centro,4,12,31.4,110,35.1,0.35100000000000003,28.09358,Normal,0
Centro,4,13,35.9,374,43.7,0.43700000000000006,31.19351,Normal,0
Centro,4,14,39.0,343,51.4,0.514,32.9862,Normal,0
Centro,4,15,37.8,377,62.2,0.622,30.746519999999997,Normal,0
Centro,4,16,38.6,764,14.7,0.147,36.89774,Normal,0
Centro,4,17,28.9,444,25.8,0.258,26.66314,Pico,0
Centro,4,18,21.9,786,49.3,0.493,18.660989999999998,Pico,0
Centro,4,19,19.9,543,24.0,0.24,18.4672,Pico,0
Centro,4,20,40.8,190,12.8,0.128,39.23328,Bajo,0
Centro,4,21,41.5,197,64.1,0.6409999999999999,33.51955,Bajo,0
Centro,4,22,41.8,341,89.7,0.897,30.551619999999996,Bajo,0
Centro,4,23,44.7,567,17.2,0.172,42.393480000000004,Bajo,0
Centro,5,0,51.9,128,16.9,0.16899999999999998,49.26867,Bajo,1
Centro,5,1,52.8,223,8.9,0.08900000000000001,51.39024,Bajo,1
Centro,5,2,51.2,422,20.6,0.20600000000000002,48.03584000000001,Bajo,1
Centro,5,3,53.6,452,69.0,0.69,42.5048,Bajo,1
Centro,5,4,50.4,659,62.8,0.628,40.90464,Bajo,1
Centro,5,5,50.8,711,92.1,0.9209999999999999,36.76396,Bajo,1
Centro,5,6,50.6,293,80.6,0.8059999999999999,38.36492,Bajo,1
Centro,5,7,36.2,229,20.9,0.209,33.930260000000004,Pico,1
Centro,5,8,30.6,439,61.8,0.618,24.92676,Pico,1
Centro,5,9,30.5,423,74.7,0.747,23.66495,Pico,1
Centro,5,10,40.4,276,71.3,0.713,31.75844,Normal,1
Centro,5,11,49.0,458,53.2,0.532,41.1796,Normal,1
Centro,5,12,41.1,413,53.3,0.5329999999999999,34.528110000000005,Normal,1
Centro,5,13,42.4,288,37.7,0.377,37.60456,Normal,1
Centro,5,14,40.2,325,21.1,0.21100000000000002,37.65534,Normal,1
Centro,5,15,43.3,183,89.1,0.8909999999999999,31.72591,Normal,1
Centro,5,16,45.9,575,78.9,0.789,35.03547,Normal,1
Centro,5,17,32.5,160,53.7,0.537,27.26425,Pico,1
Centro,5,18,33.8,621,43.2,0.43200000000000005,29.419519999999995,Pico,1
Centro,5,19,26.9,298,36.3,0.363,23.970589999999998,Pico,1
Centro,5,20,56.5,499,35.6,0.35600000000000004,50.4658,Bajo,1
Centro,5,21,59.9,524,23.7,0.237,55.641110000000005,Bajo,1
Centro,5,22,51.0,207,24.6,0.24600000000000002,47.236200000000004,Bajo,1
Centro,5,23,51.6,230,28.5,0.285,47.1882,Bajo,1
Centro,6,0,51.7,727,8.0,0.08,50.4592,Bajo,1
Centro,6,1,55.2,387,98.2,0.982,38.93808000000001,Bajo,1
Centro,6,2,51.1,378,96.9,0.9690000000000001,36.24523000000001,Bajo,1
Centro,6,3,58.7,671,25.8,0.258,54.156620000000004,Bajo,1
Centro,6,4,51.7,568,92.9,0.929,37.29121000000001,Bajo,1
Centro,6,5,55.6,500,28.0,0.28,50.9296,Bajo,1
Centro,6,6,57.7,230,32.4,0.324,52.09156000000001,Bajo,1
Centro,6,7,31.4,455,24.2,0.242,29.120359999999998,Pico,1
Centro,6,8,26.7,527,28.9,0.289,24.38511,Pico,1
Centro,6,9,33.7,208,48.1,0.48100000000000004,28.837090000000003,Pico,1
Centro,6,10,45.3,136,33.7,0.337,40.720169999999996,Normal,1
Centro,6,11,41.3,144,99.0,0.99,29.0339,Normal,1
Centro,6,12,43.2,666,25.5,0.255,39.8952,Normal,1
Centro,6,13,46.8,632,59.6,0.596,38.432159999999996,Normal,1
Centro,6,14,44.7,388,34.9,0.349,40.01991,Normal,1
Centro,6,15,49.3,681,96.5,0.965,35.02765,Normal,1
Centro,6,16,41.2,611,93.8,0.938,29.606320000000004,Normal,1
Centro,6,17,27.7,146,74.1,0.741,21.54229,Pico,1
Centro,6,18,33.6,689,14.0,0.14,32.1888,Pico,1
Centro,6,19,36.9,241,16.4,0.16399999999999998,35.08452,Pico,1
Centro,6,20,51.6,670,66.5,0.665,41.3058,Bajo,1
Centro,6,21,55.2,351,87.7,0.877,40.676880000000004,Bajo,1
Centro,6,22,53.9,671,43.9,0.439,46.801370000000006,Bajo,1
Centro,6,23,53.8,423,30.1,0.301,48.94186,Bajo,1
Norte,0,0,47.5,451,23.2,0.23199999999999998,44.194,Bajo,0
Norte,0,1,49.0,368,54.4,0.544,41.0032,Bajo,0
Norte,0,2,49.1,536,11.7,0.11699999999999999,47.37659,Bajo,0
Norte,0,3,49.4,539,33.5,0.335,44.4353,Bajo,0
Norte,0,4,41.4,655,62.0,0.62,33.699600000000004,Bajo,0
Norte,0,5,45.3,725,78.9,0.789,34.57749,Bajo,0
Norte,0,6,41.5,318,24.8,0.248,38.4124,Bajo,0
Norte,0,7,26.2,123,57.0,0.57,21.7198,Pico,0
Norte,0,8,26.4,713,34.2,0.342,23.69136,Pico,0
Norte,0,9,27.3,177,84.6,0.846,20.37126,Pico,0
Norte,0,10,31.3,378,79.7,0.797,23.81617,Normal,0
Norte,0,11,31.5,260,72.2,0.722,24.6771,Normal,0
Norte,0,12,37.2,548,69.4,0.6940000000000001,29.45496,Normal,0
Norte,0,13,35.4,276,34.6,0.34600000000000003,31.725479999999997,Normal,0
Norte,0,14,31.8,735,58.3,0.583,26.238180000000003,Normal,0
Norte,0,15,34.0,423,94.7,0.9470000000000001,24.3406,Normal,0
Norte,0,16,31.5,510,50.6,0.506,26.718300000000003,Normal,0
Norte,0,17,24.2,112,87.2,0.872,17.86928,Pico,0
Norte,0,18,29.0,495,69.7,0.6970000000000001,22.9361,Pico,0
Norte,0,19,28.8,595,15.3,0.153,27.47808,Pico,0
Norte,0,20,45.8,524,42.4,0.424,39.97424,Bajo,0
Norte,0,21,47.4,754,92.6,0.9259999999999999,34.232279999999996,Bajo,0
Norte,0,22,44.5,179,98.5,0.985,31.35025,Bajo,0
Norte,0,23,48.4,187,92.1,0.9209999999999999,35.02708,Bajo,0
Norte,1,0,48.7,463,59.1,0.591,40.065490000000004,Bajo,0
Norte,1,1,44.0,138,33.5,0.335,39.577999999999996,Bajo,0
Norte,1,2,48.0,103,33.3,0.33299999999999996,43.2048,Bajo,0
Norte,1,3,44.0,476,92.0,0.92,31.855999999999998,Bajo,0
Norte,1,4,43.5,342,73.8,0.738,33.869099999999996,Bajo,0
Norte,1,5,44.5,257,45.2,0.452,38.4658,Bajo,0
Norte,1,6,41.4,223,49.8,0.498,35.21484,Bajo,0
Norte,1,7,21.3,740,36.2,0.36200000000000004,18.98682,Pico,0
Norte,1,8,23.7,542,1.3,0.013000000000000001,23.60757,Pico,0
Norte,1,9,25.0,224,96.1,0.961,17.7925,Pico,0
Norte,1,10,31.5,390,8.5,0.085,30.69675,Normal,0
Norte,1,11,40.0,451,59.5,0.595,32.86,Normal,0
Norte,1,12,30.7,624,21.0,0.21,28.765900000000002,Normal,0
Norte,1,13,39.0,243,19.1,0.191,36.765299999999996,Normal,0
Norte,1,14,30.4,430,56.5,0.565,25.2472,Normal,0
Norte,1,15,30.7,642,45.3,0.45299999999999996,26.52787,Normal,0
Norte,1,16,35.2,408,40.1,0.401,30.965440000000005,Normal,0
Norte,1,17,23.4,208,18.2,0.182,22.12236,Pico,0
Norte,1,18,27.9,762,37.3,0.373,24.77799,Pico,0
Norte,1,19,19.1,550,40.9,0.409,16.75643,Pico,0
Norte,1,20,40.3,209,71.6,0.716,31.643559999999997,Bajo,0
Norte,1,21,46.6,118,22.2,0.222,43.49644,Bajo,0
Norte,1,22,42.3,570,2.0,0.02,42.0462,Bajo,0
Norte,1,23,41.0,659,17.9,0.179,38.798300000000005,Bajo,0
Norte,2,0,46.5,266,9.9,0.099,45.118950000000005,Bajo,0
Norte,2,1,42.4,605,85.6,0.856,31.511680000000002,Bajo,0
Norte,2,2,48.3,378,66.8,0.6679999999999999,38.62068,Bajo,0
Norte,2,3,42.0,305,89.6,0.8959999999999999,30.710400000000003,Bajo,0
Norte,2,4,40.1,159,20.8,0.20800000000000002,37.59776,Bajo,0
Norte,2,5,40.3,227,58.3,0.583,33.25153,Bajo,0
Norte,2,6,44.2,724,81.7,0.8170000000000001,33.366580000000006,Bajo,0
Norte,2,7,20.1,281,38.0,0.38,17.808600000000002,Pico,0
Norte,2,8,23.9,287,62.4,0.624,19.425919999999998,Pico,0
Norte,2,9,21.1,486,43.6,0.436,18.340120000000002,Pico,0
Norte,2,10,32.9,763,76.4,0.764,25.35932,Normal,0
Norte,2,11,31.4,707,48.7,0.48700000000000004,26.812459999999998,Normal,0
Norte,2,12,38.9,659,42.5,0.425,33.94025,Normal,0
Norte,2,13,30.2,288,54.2,0.542,25.28948,Normal,0
Norte,2,14,36.3,280,13.9,0.139,34.78629,Normal,0
Norte,2,15,38.3,789,52.6,0.526,32.25626,Normal,0
Norte,2,16,31.7,290,1.8,0.018000000000000002,31.52882,Normal,0
Norte,2,17,28.7,182,57.7,0.5770000000000001,23.732029999999998,Pico,0
Norte,2,18,19.1,487,65.1,0.6509999999999999,15.36977,Pico,0
Norte,2,19,27.4,244,1.1,0.011000000000000001,27.30958,Pico,0
Norte,2,20,41.4,730,87.4,0.8740000000000001,30.54492,Bajo,0
Norte,2,21,46.0,520,66.5,0.665,36.823,Bajo,0
Norte,2,22,41.8,740,41.9,0.419,36.54574,Bajo,0
Norte,2,23,43.8,463,4.7,0.047,43.18242,Bajo,0
Norte,3,0,41.7,616,8.3,0.083,40.66167,Bajo,0
Norte,3,1,46.0,271,38.9,0.389,40.6318,Bajo,0
Norte,3,2,42.9,348,71.9,0.7190000000000001,33.64647,Bajo,0
Norte,3,3,43.0,496,47.6,0.47600000000000003,36.8596,Bajo,0
Norte,3,4,46.6,755,73.3,0.733,36.35266,Bajo,0
Norte,3,5,42.1,121,26.2,0.262,38.79094,Bajo,0
Norte,3,6,46.0,135,49.6,0.496,39.1552,Bajo,0
Norte,3,7,24.0,333,77.1,0.7709999999999999,18.448800000000002,Pico,0
Norte,3,8,16.6,152,72.8,0.728,12.974560000000002,Pico,0
Norte,3,9,22.4,581,43.5,0.435,19.476799999999997,Pico,0
Norte,3,10,32.5,673,79.9,0.799,24.70975,Normal,0
Norte,3,11,36.9,290,59.0,0.59,30.368699999999997,Normal,0
Norte,3,12,33.6,164,91.7,0.917,24.356640000000002,Normal,0
Norte,3,13,31.4,765,44.6,0.446,27.19868,Normal,0
Norte,3,14,31.9,479,87.3,0.873,23.545389999999998,Normal,0
Norte,3,15,37.3,664,65.9,0.659,29.92579,Normal,0
Norte,3,16,36.9,694,25.0,0.25,34.1325,Normal,0
Norte,3,17,22.3,254,98.8,0.988,15.690280000000001,Pico,0
Norte,3,18,29.2,127,70.6,0.706,23.015439999999998,Pico,0
Norte,3,19,28.9,226,56.8,0.568,23.97544,Pico,0
Norte,3,20,49.2,123,69.7,0.6970000000000001,38.91228,Bajo,0
Norte,3,21,43.0,747,97.1,0.971,30.4741,Bajo,0
Norte,3,22,49.4,431,86.2,0.862,36.62516,Bajo,0
Norte,3,23,48.4,323,82.9,0.8290000000000001,36.362919999999995,Bajo,0
Norte,4,0,40.4,517,23.0,0.23,37.6124,Bajo,0
Norte,4,1,41.2,153,69.6,0.696,32.597440000000006,Bajo,0
Norte,4,2,43.4,607,6.5,0.065,42.5537,Bajo,0
Norte,4,3,43.2,477,79.1,0.7909999999999999,32.948640000000005,Bajo,0
Norte,4,4,43.2,538,88.6,0.8859999999999999,31.71744,Bajo,0
Norte,4,5,46.2,263,2.4,0.024,45.867360000000005,Bajo,0
Norte,4,6,48.7,114,87.5,0.875,35.916250000000005,Bajo,0
Norte,4,7,22.9,757,79.9,0.799,17.41087,Pico,0
Norte,4,8,30.0,345,76.7,0.767,23.097,Pico,0
Norte,4,9,21.0,435,62.8,0.628,17.0436,Pico,0
Norte,4,10,38.7,788,76.8,0.768,29.783520000000003,Normal,0
Norte,4,11,34.2,394,73.8,0.738,26.62812,Normal,0
Norte,4,12,32.4,177,35.5,0.355,28.949399999999997,Normal,0
Norte,4,13,32.9,307,23.4,0.23399999999999999,30.590419999999998,Normal,0
Norte,4,14,30.4,112,98.8,0.988,21.38944,Normal,0
Norte,4,15,34.3,369,68.0,0.68,27.302799999999998,Normal,0
Norte,4,16,32.2,764,78.6,0.7859999999999999,24.60724,Normal,0
Norte,4,17,16.3,392,87.9,0.879,12.00169,Pico,0
Norte,4,18,29.2,427,61.3,0.613,23.83012,Pico,0
Norte,4,19,17.5,793,23.2,0.23199999999999998,16.282,Pico,0
Norte,4,20,49.4,554,60.8,0.608,40.38944,Bajo,0
Norte,4,21,45.1,261,17.7,0.177,42.70519,Bajo,0
Norte,4,22,42.2,230,78.0,0.78,32.3252,Bajo,0
Norte,4,23,43.5,140,96.9,0.9690000000000001,30.854550000000003,Bajo,0
Norte,5,0,58.8,749,99.5,0.995,41.2482,Bajo,1
Norte,5,1,51.7,377,75.8,0.758,39.94342,Bajo,1
Norte,5,2,57.0,207,81.6,0.816,43.046400000000006,Bajo,1
Norte,5,3,52.2,256,53.7,0.537,43.79058,Bajo,1
Norte,5,4,55.9,506,9.1,0.091,54.37393,Bajo,1
Norte,5,5,58.8,285,13.0,0.13,56.5068,Bajo,1
Norte,5,6,58.9,768,86.2,0.862,43.66846,Bajo,1
Norte,5,7,37.1,558,55.1,0.551,30.967370000000003,Pico,1
Norte,5,8,26.3,385,37.3,0.373,23.35703,Pico,1
Norte,5,9,28.9,606,49.6,0.496,24.599679999999996,Pico,1
Norte,5,10,40.8,254,68.3,0.6829999999999999,32.44008,Normal,1
Norte,5,11,40.8,695,49.5,0.495,34.7412,Normal,1
Norte,5,12,44.8,514,82.5,0.825,33.712,Normal,1
Norte,5,13,43.5,574,56.6,0.5660000000000001,36.1137,Normal,1
Norte,5,14,42.7,715,79.7,0.797,32.49043,Normal,1
Norte,5,15,46.6,695,86.7,0.867,34.47934,Normal,1
Norte,5,16,47.1,685,69.7,0.6970000000000001,37.25139,Normal,1
Norte,5,17,35.2,533,75.3,0.753,27.248320000000003,Pico,1
Norte,5,18,27.4,716,87.2,0.872,20.232159999999997,Pico,1
Norte,5,19,25.4,678,12.9,0.129,24.41702,Pico,1
Norte,5,20,53.4,620,16.1,0.161,50.82078,Bajo,1
Norte,5,21,58.2,682,50.7,0.507,49.34778,Bajo,1
Norte,5,22,50.1,300,61.7,0.617,40.82649,Bajo,1
Norte,5,23,59.8,542,26.0,0.26,55.1356,Bajo,1
Norte,6,0,56.3,477,78.0,0.78,43.1258,Bajo,1
Norte,6,1,51.1,632,54.1,0.541,42.806470000000004,Bajo,1
Norte,6,2,59.6,339,63.3,0.633,48.281960000000005,Bajo,1
Norte,6,3,59.3,171,93.7,0.937,42.63077,Bajo,1
Norte,6,4,56.9,147,30.1,0.301,51.76193,Bajo,1
Norte,6,5,57.1,147,58.2,0.5820000000000001,47.130340000000004,Bajo,1
Norte,6,6,53.5,534,4.6,0.046,52.7617,Bajo,1
Norte,6,7,38.1,781,96.9,0.9690000000000001,27.024330000000003,Pico,1
Norte,6,8,36.2,191,75.8,0.758,27.96812,Pico,1
Norte,6,9,25.4,115,32.4,0.324,22.93112,Pico,1
Norte,6,10,44.9,639,68.3,0.6829999999999999,35.69999,Normal,1
Norte,6,11,44.5,291,99.7,0.997,31.190050000000003,Normal,1
Norte,6,12,44.3,415,16.4,0.16399999999999998,42.120439999999995,Normal,1
Norte,6,13,47.9,585,22.1,0.221,44.72423,Normal,1
Norte,6,14,40.8,576,65.5,0.655,32.782799999999995,Normal,1
Norte,6,15,42.7,765,15.1,0.151,40.76569,Normal,1
Norte,6,16,44.3,760,42.0,0.42,38.718199999999996,Normal,1
Norte,6,17,34.6,378,27.4,0.27399999999999997,31.755880000000005,Pico,1
Norte,6,18,39.8,386,89.4,0.894,29.125639999999997,Pico,1
Norte,6,19,28.4,249,3.1,0.031,28.13588,Pico,1
Norte,6,20,56.5,357,86.4,0.8640000000000001,41.855199999999996,Bajo,1
Norte,6,21,54.7,777,18.6,0.18600000000000003,51.647740000000006,Bajo,1
Norte,6,22,58.7,643,77.1,0.7709999999999999,45.122690000000006,Bajo,1
Norte,6,23,58.4,632,62.6,0.626,47.43248,Bajo,1
Sur,0,0,41.3,122,92.1,0.9209999999999999,29.88881,Bajo,0
Sur,0,1,46.2,657,48.2,0.48200000000000004,39.51948,Bajo,0
Sur,0,2,41.2,187,68.6,0.6859999999999999,32.72104,Bajo,0
Sur,0,3,44.3,240,49.2,0.49200000000000005,37.76132,Bajo,0
Sur,0,4,40.6,507,26.9,0.26899999999999996,37.32358,Bajo,0
Sur,0,5,48.0,317,45.5,0.455,41.44799999999999,Bajo,0
Sur,0,6,40.1,150,39.2,0.392,35.38424,Bajo,0
Sur,0,7,22.2,520,29.2,0.292,20.25528,Pico,0
Sur,0,8,25.4,702,78.0,0.78,19.4564,Pico,0
Sur,0,9,15.6,436,10.5,0.105,15.108600000000001,Pico,0
Sur,0,10,32.4,790,14.2,0.142,31.019759999999998,Normal,0
Sur,0,11,35.0,532,70.2,0.7020000000000001,27.629,Normal,0
Sur,0,12,35.6,106,32.6,0.326,32.118320000000004,Normal,0
Sur,0,13,35.2,161,35.1,0.35100000000000003,31.493440000000003,Normal,0
Sur,0,14,30.3,155,39.7,0.397,26.69127,Normal,0
Sur,0,15,31.3,497,68.9,0.6890000000000001,24.83029,Normal,0
Sur,0,16,38.0,240,16.7,0.16699999999999998,36.096199999999996,Normal,0
Sur,0,17,16.6,545,70.6,0.706,13.084120000000002,Pico,0
Sur,0,18,15.5,755,5.2,0.052000000000000005,15.2582,Pico,0
Sur,0,19,23.1,596,87.1,0.871,17.06397,Pico,0
Sur,0,20,47.1,661,33.9,0.33899999999999997,42.30993,Bajo,0
Sur,0,21,48.1,156,89.5,0.895,35.18515,Bajo,0
Sur,0,22,45.5,672,45.2,0.452,39.330200000000005,Bajo,0
Sur,0,23,46.4,468,73.2,0.732,36.21056,Bajo,0
Sur,1,0,40.8,142,24.7,0.247,37.77672,Bajo,0
Sur,1,1,41.6,710,21.9,0.21899999999999997,38.86688,Bajo,0
Sur,1,2,49.8,335,18.2,0.182,47.08092,Bajo,0
Sur,1,3,47.9,561,49.8,0.498,40.74374,Bajo,0
Sur,1,4,45.6,603,22.8,0.228,42.48096,Bajo,0
Sur,1,5,50.0,782,65.0,0.65,40.25,Bajo,0
Sur,1,6,42.0,576,7.2,0.07200000000000001,41.092800000000004,Bajo,0
Sur,1,7,15.5,280,46.3,0.46299999999999997,13.34705,Pico,0
Sur,1,8,28.0,609,74.3,0.743,21.7588,Pico,0
Sur,1,9,21.4,342,37.1,0.371,19.01818,Pico,0
Sur,1,10,39.9,128,86.7,0.867,29.522009999999998,Normal,0
Sur,1,11,35.8,407,72.5,0.725,28.013499999999997,Normal,0
Sur,1,12,34.9,711,90.1,0.9009999999999999,25.46653,Normal,0
Sur,1,13,34.2,293,59.2,0.5920000000000001,28.12608,Normal,0
Sur,1,14,39.1,247,62.3,0.623,31.792210000000004,Normal,0
Sur,1,15,36.3,613,13.2,0.132,34.862519999999996,Normal,0
Sur,1,16,37.2,736,18.0,0.18,35.1912,Normal,0
Sur,1,17,18.6,779,18.1,0.18100000000000002,17.590020000000003,Pico,0
Sur,1,18,27.8,444,24.7,0.247,25.740019999999998,Pico,0
Sur,1,19,28.1,411,51.5,0.515,23.758550000000003,Pico,0
Sur,1,20,43.6,515,16.4,0.16399999999999998,41.45488,Bajo,0
Sur,1,21,43.9,778,25.8,0.258,40.50214,Bajo,0
Sur,1,22,46.6,327,77.3,0.773,35.79346,Bajo,0
Sur,1,23,41.3,778,45.4,0.45399999999999996,35.67494,Bajo,0
Sur,2,0,42.4,151,17.0,0.17,40.23759999999999,Bajo,0
Sur,2,1,45.2,335,82.9,0.8290000000000001,33.95876,Bajo,0
Sur,2,2,44.3,274,61.7,0.617,36.100069999999995,Bajo,0
Sur,2,3,47.1,216,16.8,0.168,44.72616,Bajo,0
Sur,2,4,40.4,615,66.4,0.664,32.35232,Bajo,0
Sur,2,5,44.7,690,80.6,0.8059999999999999,33.89154,Bajo,0
Sur,2,6,45.9,707,20.6,0.20600000000000002,43.06338,Bajo,0
Sur,2,7,16.7,288,5.7,0.057,16.41443,Pico,0
Sur,2,8,23.0,755,3.9,0.039,22.7309,Pico,0
Sur,2,9,16.8,416,93.4,0.934,12.092640000000001,Pico,0
Sur,2,10,33.2,455,4.2,0.042,32.78168,Normal,0
Sur,2,11,31.5,790,96.5,0.965,22.38075,Normal,0
Sur,2,12,30.0,766,63.9,0.639,24.249000000000002,Normal,0
Sur,2,13,38.7,418,51.6,0.516,32.70924,Normal,0
Sur,2,14,34.9,566,14.0,0.14,33.4342,Normal,0
Sur,2,15,30.3,315,70.5,0.705,23.89155,Normal,0
Sur,2,16,32.0,571,97.0,0.97,22.688000000000002,Normal,0
Sur,2,17,16.4,570,44.4,0.444,14.21552,Pico,0
Sur,2,18,28.0,224,69.3,0.693,22.178800000000003,Pico,0
Sur,2,19,27.6,761,68.3,0.6829999999999999,21.944760000000002,Pico,0
Sur,2,20,45.0,532,86.9,0.8690000000000001,33.268499999999996,Bajo,0
Sur,2,21,45.7,121,93.1,0.9309999999999999,32.935990000000004,Bajo,0
Sur,2,22,46.9,573,21.6,0.21600000000000003,43.86088,Bajo,0
Sur,2,23,46.6,375,65.1,0.6509999999999999,37.49902,Bajo,0
Sur,3,0,41.1,560,99.9,0.9990000000000001,28.782329999999998,Bajo,0
Sur,3,1,40.5,784,40.7,0.40700000000000003,35.55495,Bajo,0
Sur,3,2,48.7,647,56.7,0.5670000000000001,40.41613,Bajo,0
Sur,3,3,47.4,714,40.4,0.40399999999999997,41.65512,Bajo,0
Sur,3,4,43.3,567,80.8,0.8079999999999999,32.80408,Bajo,0
Sur,3,5,47.6,658,43.6,0.436,41.37392,Bajo,0
Sur,3,6,48.2,184,54.4,0.544,40.333760000000005,Bajo,0
Sur,3,7,15.1,327,36.6,0.366,13.44202,Pico,0
Sur,3,8,20.9,586,38.9,0.389,18.46097,Pico,0
Sur,3,9,21.7,266,37.3,0.373,19.27177,Pico,0
Sur,3,10,32.3,151,60.3,0.603,26.45693,Normal,0
Sur,3,11,36.7,533,46.3,0.46299999999999997,31.60237,Normal,0
Sur,3,12,33.8,704,51.9,0.519,28.53734,Normal,0
Sur,3,13,34.8,117,34.1,0.341,31.239959999999996,Normal,0
Sur,3,14,33.8,379,58.0,0.58,27.9188,Normal,0
Sur,3,15,35.3,525,76.5,0.765,27.198649999999997,Normal,0
Sur,3,16,38.1,602,95.6,0.956,27.172920000000005,Normal,0
Sur,3,17,15.3,237,0.8,0.008,15.263280000000002,Pico,0
Sur,3,18,24.7,728,24.3,0.243,22.89937,Pico,0
Sur,3,19,28.9,142,93.4,0.934,20.80222,Pico,0
Sur,3,20,43.5,170,48.6,0.486,37.157700000000006,Bajo,0
Sur,3,21,42.6,299,30.7,0.307,38.67654,Bajo,0
Sur,3,22,48.0,477,31.1,0.311,43.52160000000001,Bajo,0
Sur,3,23,46.1,601,27.3,0.273,42.32441,Bajo,0
Sur,4,0,44.1,185,18.1,0.18100000000000002,41.70537,Bajo,0
Sur,4,1,46.8,227,52.5,0.525,39.429,Bajo,0
Sur,4,2,47.1,174,56.7,0.5670000000000001,39.08829,Bajo,0
Sur,4,3,42.6,774,48.4,0.484,36.414480000000005,Bajo,0
Sur,4,4,48.1,485,4.3,0.043,47.47951,Bajo,0
Sur,4,5,46.3,765,60.2,0.602,37.93822,Bajo,0
Sur,4,6,48.2,718,22.8,0.228,44.90312,Bajo,0
Sur,4,7,18.2,527,41.1,0.41100000000000003,15.95594,Pico,0
Sur,4,8,27.6,730,35.3,0.353,24.67716,Pico,0
Sur,4,9,18.6,646,27.5,0.275,17.0655,Pico,0
Sur,4,10,38.2,396,66.8,0.6679999999999999,30.544720000000005,Normal,0
Sur,4,11,31.0,536,45.2,0.452,26.796400000000002,Normal,0
Sur,4,12,35.9,217,73.7,0.737,27.96251,Normal,0
Sur,4,13,38.6,251,9.6,0.096,37.48832,Normal,0
Sur,4,14,30.2,549,60.7,0.607,24.700580000000002,Normal,0
Sur,4,15,35.5,262,39.1,0.391,31.33585,Normal,0
Sur,4,16,35.9,447,98.8,0.988,25.25924,Normal,0
Sur,4,17,17.0,586,40.4,0.40399999999999997,14.9396,Pico,0
Sur,4,18,21.4,602,69.2,0.6920000000000001,16.957359999999998,Pico,0
Sur,4,19,29.9,189,10.4,0.10400000000000001,28.967119999999998,Pico,0
Sur,4,20,47.2,504,27.4,0.27399999999999997,43.32016000000001,Bajo,0
Sur,4,21,40.8,159,89.4,0.894,29.857439999999997,Bajo,0
Sur,4,22,41.9,326,22.7,0.22699999999999998,39.046609999999994,Bajo,0
Sur,4,23,43.5,148,51.9,0.519,36.727050000000006,Bajo,0
Sur,5,0,50.7,660,23.4,0.23399999999999999,47.14086,Bajo,1
Sur,5,1,55.4,716,65.1,0.6509999999999999,44.58038,Bajo,1
Sur,5,2,55.3,327,33.3,0.33299999999999996,49.775529999999996,Bajo,1
Sur,5,3,56.7,795,66.2,0.662,45.43938,Bajo,1
Sur,5,4,55.6,611,46.5,0.465,47.8438,Bajo,1
Sur,5,5,50.6,493,95.8,0.958,36.05756,Bajo,1
Sur,5,6,51.8,583,20.1,0.201,48.67646,Bajo,1
Sur,5,7,33.0,167,45.0,0.45,28.544999999999998,Pico,1
Sur,5,8,36.3,343,66.5,0.665,29.058149999999998,Pico,1
Sur,5,9,36.9,749,23.5,0.235,34.29855,Pico,1
Sur,5,10,44.0,206,99.2,0.992,30.9056,Normal,1
Sur,5,11,49.3,477,84.2,0.8420000000000001,36.84682,Normal,1
Sur,5,12,45.2,536,8.9,0.08900000000000001,43.99316,Normal,1
Sur,5,13,47.6,189,82.6,0.826,35.80472,Normal,1
Sur,5,14,47.8,596,3.6,0.036000000000000004,47.283759999999994,Normal,1
Sur,5,15,43.0,284,36.0,0.36,38.356,Normal,1
Sur,5,16,40.9,755,55.4,0.5539999999999999,34.102419999999995,Normal,1
Sur,5,17,29.6,377,44.7,0.447,25.63064,Pico,1
Sur,5,18,34.0,460,91.9,0.919,24.626199999999997,Pico,1
Sur,5,19,32.5,794,85.1,0.851,24.20275,Pico,1
Sur,5,20,52.1,751,11.6,0.11599999999999999,50.28692,Bajo,1
Sur,5,21,58.2,366,87.8,0.878,42.87012000000001,Bajo,1
Sur,5,22,58.7,664,79.0,0.79,44.7881,Bajo,1
Sur,5,23,53.0,156,40.3,0.40299999999999997,46.5923,Bajo,1
Sur,6,0,51.7,586,34.6,0.34600000000000003,46.33354,Bajo,1
Sur,6,1,59.8,548,82.2,0.8220000000000001,45.05331999999999,Bajo,1
Sur,6,2,51.3,703,92.3,0.9229999999999999,37.09503,Bajo,1
Sur,6,3,54.9,524,76.5,0.765,42.30045,Bajo,1
Sur,6,4,51.7,451,39.9,0.39899999999999997,45.51151,Bajo,1
Sur,6,5,51.5,357,6.8,0.068,50.449400000000004,Bajo,1
Sur,6,6,50.3,194,96.3,0.963,35.76833,Bajo,1
Sur,6,7,33.2,776,43.2,0.43200000000000005,28.897280000000002,Pico,1
Sur,6,8,29.7,454,44.0,0.44,25.7796,Pico,1
Sur,6,9,26.6,548,21.6,0.21600000000000003,24.876320000000003,Pico,1
Sur,6,10,46.2,555,15.2,0.152,44.09328000000001,Normal,1
Sur,6,11,40.6,646,46.0,0.46,34.9972,Normal,1
Sur,6,12,40.6,796,5.8,0.057999999999999996,39.89356,Normal,1
Sur,6,13,47.0,788,23.9,0.239,43.6301,Normal,1
Sur,6,14,41.4,184,30.3,0.303,37.636739999999996,Normal,1
Sur,6,15,41.0,584,6.2,0.062,40.2374,Normal,1
Sur,6,16,45.1,797,81.4,0.8140000000000001,34.086580000000005,Normal,1
Sur,6,17,34.2,314,62.4,0.624,27.79776,Pico,1
Sur,6,18,32.9,398,13.1,0.131,31.607029999999998,Pico,1
Sur,6,19,38.3,414,19.5,0.195,36.05945,Pico,1
Sur,6,20,53.7,389,82.8,0.828,40.36092000000001,Bajo,1
Sur,6,21,57.3,638,1.1,0.011000000000000001,57.11091,Bajo,1
Sur,6,22,54.2,436,1.9,0.019,53.89106,Bajo,1
Sur,6,23,52.6,632,13.7,0.13699999999999998,50.43814,Bajo,1
Oriente,0,0,45.4,250,1.2,0.012,45.23656,Bajo,0
Oriente,0,1,42.4,783,80.2,0.802,32.19856,Bajo,0
Oriente,0,2,49.6,441,11.0,0.11,47.9632,Bajo,0
Oriente,0,3,45.5,418,84.4,0.8440000000000001,33.9794,Bajo,0
Oriente,0,4,41.0,441,15.0,0.15,39.155,Bajo,0
Oriente,0,5,43.2,616,47.6,0.47600000000000003,37.03104,Bajo,0
Oriente,0,6,43.8,376,45.9,0.45899999999999996,37.76874,Bajo,0
Oriente,0,7,26.8,724,95.5,0.955,19.1218,Pico,0
Oriente,0,8,26.8,320,68.8,0.688,21.268480000000004,Pico,0
Oriente,0,9,21.6,278,84.1,0.841,16.15032,Pico,0
Oriente,0,10,30.4,731,46.1,0.461,26.19568,Normal,0
Oriente,0,11,36.4,561,89.5,0.895,26.6266,Normal,0
Oriente,0,12,36.4,529,6.7,0.067,35.66836,Normal,0
Oriente,0,13,35.2,205,73.7,0.737,27.417280000000005,Normal,0
Oriente,0,14,35.1,576,4.2,0.042,34.657740000000004,Normal,0
Oriente,0,15,30.8,601,7.2,0.07200000000000001,30.13472,Normal,0
Oriente,0,16,30.7,108,95.7,0.9570000000000001,21.886029999999998,Normal,0
Oriente,0,17,26.1,347,29.7,0.297,23.774490000000004,Pico,0
Oriente,0,18,20.2,642,66.1,0.6609999999999999,16.19434,Pico,0
Oriente,0,19,17.8,221,9.8,0.098,17.276680000000002,Pico,0
Oriente,0,20,46.6,635,26.5,0.265,42.8953,Bajo,0
Oriente,0,21,40.2,157,96.8,0.968,28.525920000000003,Bajo,0
Oriente,0,22,43.0,638,62.5,0.625,34.9375,Bajo,0
Oriente,0,23,43.8,243,12.1,0.121,42.21006,Bajo,0
Oriente,1,0,46.2,642,64.4,0.644,37.27416,Bajo,0
Oriente,1,1,45.3,129,96.8,0.968,32.14488,Bajo,0
Oriente,1,2,48.0,304,98.0,0.98,33.888,Bajo,0
Oriente,1,3,46.0,507,74.8,0.748,35.677600000000005,Bajo,0
Oriente,1,4,48.1,559,12.8,0.128,46.25296,Bajo,0
Oriente,1,5,43.4,749,22.5,0.225,40.4705,Bajo,0
Oriente,1,6,43.7,402,43.9,0.439,37.94471000000001,Bajo,0
Oriente,1,7,24.2,760,24.1,0.24100000000000002,22.450339999999997,Pico,0
Oriente,1,8,16.8,238,88.7,0.887,12.32952,Pico,0
Oriente,1,9,24.7,300,81.6,0.816,18.653440000000003,Pico,0
Oriente,1,10,38.6,692,91.9,0.919,27.95798,Normal,0
Oriente,1,11,32.5,628,46.1,0.461,28.00525,Normal,0
Oriente,1,12,38.4,609,77.6,0.7759999999999999,29.460480000000004,Normal,0
Oriente,1,13,36.6,224,54.5,0.545,30.615900000000003,Normal,0
Oriente,1,14,39.8,756,4.3,0.043,39.286579999999994,Normal,0
Oriente,1,15,31.6,192,72.6,0.726,24.71752,Normal,0
Oriente,1,16,38.2,249,50.6,0.506,32.40124,Normal,0
Oriente,1,17,27.6,612,54.2,0.542,23.112240000000003,Pico,0
Oriente,1,18,23.9,455,29.8,0.298,21.76334,Pico,0
Oriente,1,19,23.5,582,87.3,0.873,17.34535,Pico,0
Oriente,1,20,46.4,632,16.0,0.16,44.172799999999995,Bajo,0
Oriente,1,21,44.6,106,24.7,0.247,41.295139999999996,Bajo,0
Oriente,1,22,47.3,794,9.9,0.099,45.89519,Bajo,0
Oriente,1,23,44.0,660,20.4,0.204,41.3072,Bajo,0
Oriente,2,0,45.6,613,61.6,0.616,37.173120000000004,Bajo,0
Oriente,2,1,41.9,348,78.4,0.784,32.04512,Bajo,0
Oriente,2,2,45.5,103,76.1,0.7609999999999999,35.11235,Bajo,0
Oriente,2,3,40.4,622,20.2,0.20199999999999999,37.95176,Bajo,0
Oriente,2,4,49.6,357,32.7,0.327,44.73424,Bajo,0
Oriente,2,5,41.5,313,87.7,0.877,30.58135,Bajo,0
Oriente,2,6,50.0,357,44.9,0.449,43.265,Bajo,0
Oriente,2,7,25.8,720,59.3,0.593,21.21018,Pico,0
Oriente,2,8,20.9,388,69.6,0.696,16.53608,Pico,0
Oriente,2,9,15.0,533,35.5,0.355,13.4025,Pico,0
Oriente,2,10,37.9,165,58.8,0.588,31.21444,Normal,0
Oriente,2,11,34.8,549,6.5,0.065,34.1214,Normal,0
Oriente,2,12,35.8,493,56.1,0.561,29.774859999999997,Normal,0
Oriente,2,13,36.0,573,80.5,0.805,27.305999999999997,Normal,0
Oriente,2,14,32.7,677,49.8,0.498,27.81462,Normal,0
Oriente,2,15,30.8,140,33.4,0.33399999999999996,27.71384,Normal,0
Oriente,2,16,37.8,595,78.9,0.789,28.852739999999997,Normal,0
Oriente,2,17,22.8,408,14.7,0.147,21.79452,Pico,0
Oriente,2,18,19.9,403,8.9,0.08900000000000001,19.368669999999998,Pico,0
Oriente,2,19,18.3,518,73.6,0.736,14.259360000000001,Pico,0
Oriente,2,20,50.0,753,64.3,0.643,40.355000000000004,Bajo,0
Oriente,2,21,44.2,545,78.6,0.7859999999999999,33.777640000000005,Bajo,0
Oriente,2,22,41.2,386,84.0,0.84,30.817600000000002,Bajo,0
Oriente,2,23,43.8,500,58.8,0.588,36.073679999999996,Bajo,0
Oriente,3,0,41.8,353,33.5,0.335,37.59909999999999,Bajo,0
Oriente,3,1,40.3,116,83.2,0.8320000000000001,30.241119999999995,Bajo,0
Oriente,3,2,42.7,462,29.9,0.299,38.86981,Bajo,0
Oriente,3,3,49.4,281,43.0,0.43,43.0274,Bajo,0
Oriente,3,4,48.7,689,18.6,0.18600000000000003,45.98254000000001,Bajo,0
Oriente,3,5,48.0,420,48.3,0.483,41.044799999999995,Bajo,0
Oriente,3,6,41.3,156,72.8,0.728,32.28008,Bajo,0
Oriente,3,7,22.4,405,73.0,0.73,17.4944,Pico,0
Oriente,3,8,26.5,211,61.0,0.61,21.650499999999997,Pico,0
Oriente,3,9,17.0,625,65.7,0.657,13.649299999999998,Pico,0
Oriente,3,10,39.6,148,5.7,0.057,38.92284,Normal,0
Oriente,3,11,32.8,283,24.7,0.247,30.369519999999994,Normal,0
Oriente,3,12,39.1,274,27.2,0.272,35.909440000000004,Normal,0
Oriente,3,13,37.6,414,77.7,0.777,28.835440000000002,Normal,0
Oriente,3,14,30.7,441,3.4,0.034,30.38686,Normal,0
Oriente,3,15,30.6,734,13.9,0.139,29.323980000000002,Normal,0
Oriente,3,16,35.3,387,34.7,0.34700000000000003,31.625269999999997,Normal,0
Oriente,3,17,28.5,115,66.4,0.664,22.822799999999997,Pico,0
Oriente,3,18,29.5,492,93.7,0.937,21.20755,Pico,0
Oriente,3,19,15.8,393,26.0,0.26,14.5676,Pico,0
Oriente,3,20,47.3,786,25.7,0.257,43.65317,Bajo,0
Oriente,3,21,46.5,238,56.5,0.565,38.61825,Bajo,0
Oriente,3,22,44.6,780,60.9,0.609,36.45158,Bajo,0
Oriente,3,23,43.5,179,15.1,0.151,41.52945,Bajo,0
Oriente,4,0,42.3,275,85.1,0.851,31.500809999999998,Bajo,0
Oriente,4,1,45.6,466,11.5,0.115,44.0268,Bajo,0
Oriente,4,2,48.6,605,6.8,0.068,47.608560000000004,Bajo,0
Oriente,4,3,47.1,480,8.2,0.08199999999999999,45.941340000000004,Bajo,0
Oriente,4,4,44.6,439,16.6,0.166,42.37892,Bajo,0
Oriente,4,5,49.5,694,66.9,0.669,39.56535,Bajo,0
Oriente,4,6,44.6,388,65.1,0.6509999999999999,35.88962,Bajo,0
Oriente,4,7,23.2,143,51.3,0.513,19.62952,Pico,0
Oriente,4,8,27.1,421,5.2,0.052000000000000005,26.67724,Pico,0
Oriente,4,9,26.8,240,25.9,0.259,24.71764,Pico,0
Oriente,4,10,31.6,331,75.7,0.757,24.423640000000002,Normal,0
Oriente,4,11,35.2,243,87.8,0.878,25.928320000000003,Normal,0
Oriente,4,12,38.8,709,23.9,0.239,36.01804,Normal,0
Oriente,4,13,34.5,789,77.2,0.772,26.5098,Normal,0
Oriente,4,14,30.3,145,46.4,0.46399999999999997,26.082240000000002,Normal,0
Oriente,4,15,39.1,477,49.8,0.498,33.25846,Normal,0
Oriente,4,16,31.1,559,82.2,0.8220000000000001,23.43074,Normal,0
Oriente,4,17,20.7,642,96.4,0.9640000000000001,14.71356,Pico,0
Oriente,4,18,18.1,466,28.7,0.287,16.541590000000003,Pico,0
Oriente,4,19,26.9,504,63.5,0.635,21.77555,Pico,0
Oriente,4,20,48.0,377,91.5,0.915,34.824,Bajo,0
Oriente,4,21,45.3,210,69.6,0.696,35.84136,Bajo,0
Oriente,4,22,47.9,321,85.7,0.857,35.58491,Bajo,0
Oriente,4,23,49.1,293,98.4,0.9840000000000001,34.60568,Bajo,0
Oriente,5,0,51.4,241,18.4,0.184,48.56272,Bajo,1
Oriente,5,1,58.9,558,15.2,0.152,56.21416,Bajo,1
Oriente,5,2,54.4,530,8.3,0.083,53.04544,Bajo,1
Oriente,5,3,58.8,662,50.5,0.505,49.891799999999996,Bajo,1
Oriente,5,4,59.7,392,98.4,0.9840000000000001,42.07656,Bajo,1
Oriente,5,5,56.7,544,16.6,0.166,53.876340000000006,Bajo,1
Oriente,5,6,58.8,399,16.2,0.162,55.942319999999995,Bajo,1
Oriente,5,7,25.2,491,52.7,0.527,21.21588,Pico,1
Oriente,5,8,35.8,723,7.9,0.079,34.951539999999994,Pico,1
Oriente,5,9,36.0,231,85.8,0.858,26.733600000000003,Pico,1
Oriente,5,10,48.2,478,71.0,0.71,37.933400000000006,Normal,1
Oriente,5,11,43.1,429,82.2,0.8220000000000001,32.47154,Normal,1
Oriente,5,12,44.6,350,49.4,0.494,37.99028,Normal,1
Oriente,5,13,48.3,334,17.4,0.174,45.77874,Normal,1
Oriente,5,14,47.1,678,10.1,0.10099999999999999,45.67287,Normal,1
Oriente,5,15,42.4,199,34.8,0.348,37.97344,Normal,1
Oriente,5,16,44.5,624,65.1,0.6509999999999999,35.809149999999995,Normal,1
Oriente,5,17,34.3,346,84.1,0.841,25.64611,Pico,1
Oriente,5,18,32.1,785,63.4,0.634,25.99458,Pico,1
Oriente,5,19,26.9,573,32.5,0.325,24.27725,Pico,1
Oriente,5,20,56.9,148,17.5,0.175,53.91275,Bajo,1
Oriente,5,21,58.6,259,83.7,0.8370000000000001,43.88554,Bajo,1
Oriente,5,22,52.8,550,69.4,0.6940000000000001,41.80703999999999,Bajo,1
Oriente,5,23,55.1,313,21.3,0.213,51.57911000000001,Bajo,1
Oriente,6,0,50.3,312,65.3,0.653,40.44623,Bajo,1
Oriente,6,1,59.4,709,76.6,0.7659999999999999,45.74988,Bajo,1
Oriente,6,2,57.9,565,26.0,0.26,53.3838,Bajo,1
Oriente,6,3,59.1,569,56.0,0.56,49.1712,Bajo,1
Oriente,6,4,51.1,412,46.0,0.46,44.0482,Bajo,1
Oriente,6,5,58.6,482,38.0,0.38,51.9196,Bajo,1
Oriente,6,6,59.8,177,42.3,0.423,52.21138,Bajo,1
Oriente,6,7,25.6,617,91.8,0.9179999999999999,18.549760000000003,Pico,1
Oriente,6,8,29.2,700,29.2,0.292,26.64208,Pico,1
Oriente,6,9,38.7,627,80.5,0.805,29.35395,Pico,1
Oriente,6,10,40.2,773,72.7,0.727,31.432380000000006,Normal,1
Oriente,6,11,43.0,680,28.2,0.282,39.3622,Normal,1
Oriente,6,12,48.7,178,70.4,0.7040000000000001,38.41456,Normal,1
Oriente,6,13,45.4,167,24.2,0.242,42.10396,Normal,1
Oriente,6,14,40.1,428,30.1,0.301,36.47897,Normal,1
Oriente,6,15,46.0,308,30.0,0.3,41.86,Normal,1
Oriente,6,16,47.4,133,90.3,0.903,34.559340000000006,Normal,1
Oriente,6,17,37.8,567,59.3,0.593,31.07538,Pico,1
Oriente,6,18,38.4,229,7.9,0.079,37.48992,Pico,1
Oriente,6,19,28.6,656,3.5,0.035,28.2997,Pico,1
Oriente,6,20,55.8,796,85.6,0.856,41.47056,Bajo,1
Oriente,6,21,55.2,144,83.1,0.831,41.43864000000001,Bajo,1
Oriente,6,22,56.0,180,9.4,0.094,54.4208,Bajo,1
Oriente,6,23,59.1,568,82.9,0.8290000000000001,44.40183,Bajo,1
Occidente,0,0,48.8,500,51.7,0.517,41.23112,Bajo,0
Occidente,0,1,44.3,321,43.5,0.435,38.51884999999999,Bajo,0
Occidente,0,2,47.7,521,89.3,0.893,34.921170000000004,Bajo,0
Occidente,0,3,44.4,524,63.1,0.631,35.995079999999994,Bajo,0
Occidente,0,4,45.9,591,23.7,0.237,42.63651,Bajo,0
Occidente,0,5,45.1,172,38.5,0.385,39.890950000000004,Bajo,0
Occidente,0,6,44.9,556,95.1,0.951,32.09003,Bajo,0
Occidente,0,7,24.0,620,50.6,0.506,20.3568,Pico,0
Occidente,0,8,24.5,149,25.4,0.254,22.6331,Pico,0
Occidente,0,9,20.4,430,4.6,0.046,20.118479999999998,Pico,0
Occidente,0,10,31.4,293,97.2,0.972,22.243759999999998,Normal,0
Occidente,0,11,33.3,437,19.6,0.196,31.34196,Normal,0
Occidente,0,12,36.1,296,20.7,0.207,33.85819,Normal,0
Occidente,0,13,35.2,103,0.8,0.008,35.115520000000004,Normal,0
Occidente,0,14,32.2,125,10.8,0.10800000000000001,31.156720000000004,Normal,0
Occidente,0,15,33.4,661,57.2,0.5720000000000001,27.66856,Normal,0
Occidente,0,16,35.1,305,93.2,0.932,25.28604,Normal,0
Occidente,0,17,21.0,160,61.7,0.617,17.1129,Pico,0
Occidente,0,18,16.7,341,50.7,0.507,14.15993,Pico,0
Occidente,0,19,28.1,445,70.2,0.7020000000000001,22.18214,Pico,0
Occidente,0,20,49.9,192,27.5,0.275,45.783249999999995,Bajo,0
Occidente,0,21,43.9,395,41.1,0.41100000000000003,38.48713,Bajo,0
Occidente,0,22,49.1,599,60.8,0.608,40.14416,Bajo,0
Occidente,0,23,43.1,676,95.5,0.955,30.75185,Bajo,0
Occidente,1,0,48.2,101,63.6,0.636,39.003440000000005,Bajo,0
Occidente,1,1,40.5,280,6.0,0.06,39.771,Bajo,0
Occidente,1,2,46.0,580,11.4,0.114,44.4268,Bajo,0
Occidente,1,3,43.8,419,36.9,0.369,38.951339999999995,Bajo,0
Occidente,1,4,41.2,393,75.1,0.7509999999999999,31.917640000000006,Bajo,0
Occidente,1,5,40.7,156,35.5,0.355,36.36545,Bajo,0
Occidente,1,6,49.4,568,67.9,0.679,39.33722,Bajo,0
Occidente,1,7,20.4,515,1.0,0.01,20.3388,Pico,0
Occidente,1,8,24.5,739,61.3,0.613,19.99445,Pico,0
Occidente,1,9,28.1,606,12.1,0.121,27.079970000000003,Pico,0
Occidente,1,10,39.0,146,53.4,0.534,32.7522,Normal,0
Occidente,1,11,31.4,108,42.2,0.42200000000000004,27.424759999999996,Normal,0
Occidente,1,12,33.0,440,57.7,0.5770000000000001,27.287699999999997,Normal,0
Occidente,1,13,30.4,186,55.9,0.5589999999999999,25.30192,Normal,0
Occidente,1,14,33.4,610,65.2,0.652,26.86696,Normal,0
Occidente,1,15,38.5,584,43.0,0.43,33.5335,Normal,0
Occidente,1,16,36.7,292,30.6,0.306,33.330940000000005,Normal,0
Occidente,1,17,26.8,412,79.8,0.7979999999999999,20.38408,Pico,0
Occidente,1,18,27.3,700,91.7,0.917,19.78977,Pico,0
Occidente,1,19,21.5,323,58.2,0.5820000000000001,17.746100000000002,Pico,0
Occidente,1,20,43.7,520,70.6,0.706,34.444340000000004,Bajo,0
Occidente,1,21,46.9,362,16.7,0.16699999999999998,44.550309999999996,Bajo,0
Occidente,1,22,44.3,199,89.0,0.89,32.4719,Bajo,0
Occidente,1,23,43.5,208,2.5,0.025,43.173750000000005,Bajo,0
Occidente,2,0,46.5,545,34.1,0.341,41.74305,Bajo,0
Occidente,2,1,40.7,386,31.1,0.311,36.90269000000001,Bajo,0
Occidente,2,2,46.8,524,36.5,0.365,41.675399999999996,Bajo,0
Occidente,2,3,42.2,791,45.4,0.45399999999999996,36.452360000000006,Bajo,0
Occidente,2,4,46.9,198,48.6,0.486,40.061980000000005,Bajo,0
Occidente,2,5,40.3,453,96.4,0.9640000000000001,28.645239999999998,Bajo,0
Occidente,2,6,43.8,127,3.1,0.031,43.39266,Bajo,0
Occidente,2,7,20.8,212,2.3,0.023,20.656480000000002,Pico,0
Occidente,2,8,26.3,420,28.9,0.289,24.01979,Pico,0
Occidente,2,9,28.5,181,95.6,0.956,20.3262,Pico,0
Occidente,2,10,33.1,721,60.3,0.603,27.112210000000005,Normal,0
Occidente,2,11,38.3,788,28.8,0.28800000000000003,34.99088,Normal,0
Occidente,2,12,39.6,372,38.6,0.386,35.01432,Normal,0
Occidente,2,13,33.4,478,15.4,0.154,31.85692,Normal,0
Occidente,2,14,35.5,479,76.2,0.762,27.3847,Normal,0
Occidente,2,15,38.3,408,30.2,0.302,34.83002,Normal,0
Occidente,2,16,32.6,236,5.8,0.057999999999999996,32.03276,Normal,0
Occidente,2,17,20.1,289,96.6,0.966,14.27502,Pico,0
Occidente,2,18,23.4,343,58.0,0.58,19.328400000000002,Pico,0
Occidente,2,19,17.1,410,62.6,0.626,13.888620000000001,Pico,0
Occidente,2,20,44.9,381,99.4,0.9940000000000001,31.51082,Bajo,0
Occidente,2,21,48.8,536,56.9,0.569,40.46984,Bajo,0
Occidente,2,22,46.2,240,39.5,0.395,40.7253,Bajo,0
Occidente,2,23,40.4,432,54.3,0.5429999999999999,33.81884,Bajo,0
Occidente,3,0,42.3,774,90.9,0.909,30.76479,Bajo,0
Occidente,3,1,47.2,473,87.0,0.87,34.8808,Bajo,0
Occidente,3,2,41.3,653,12.5,0.125,39.75125,Bajo,0
Occidente,3,3,47.9,293,87.7,0.877,35.297509999999996,Bajo,0
Occidente,3,4,49.4,204,46.3,0.46299999999999997,42.53834,Bajo,0
Occidente,3,5,49.8,438,86.4,0.8640000000000001,36.891839999999995,Bajo,0
Occidente,3,6,45.9,362,28.6,0.28600000000000003,41.96178,Bajo,0
Occidente,3,7,18.0,633,38.7,0.387,15.9102,Pico,0
Occidente,3,8,22.7,444,57.7,0.5770000000000001,18.770629999999997,Pico,0
Occidente,3,9,28.0,786,40.8,0.408,24.5728,Pico,0
Occidente,3,10,38.3,635,57.4,0.574,31.704739999999997,Normal,0
Occidente,3,11,39.6,240,10.9,0.109,38.305080000000004,Normal,0
Occidente,3,12,38.5,407,84.7,0.847,28.71715,Normal,0
Occidente,3,13,38.9,143,88.3,0.883,28.595390000000002,Normal,0
Occidente,3,14,34.5,457,62.7,0.627,28.010550000000002,Normal,0
Occidente,3,15,39.3,113,47.7,0.47700000000000004,33.67617,Normal,0
Occidente,3,16,36.9,605,69.3,0.693,29.22849,Normal,0
Occidente,3,17,17.0,309,35.9,0.359,15.1691,Pico,0
Occidente,3,18,27.1,295,21.1,0.21100000000000002,25.38457,Pico,0
Occidente,3,19,29.4,106,99.8,0.998,20.59764,Pico,0
Occidente,3,20,46.8,679,29.5,0.295,42.658199999999994,Bajo,0
Occidente,3,21,40.1,616,83.4,0.8340000000000001,30.06698,Bajo,0
Occidente,3,22,47.4,199,75.3,0.753,36.69234,Bajo,0
Occidente,3,23,47.7,560,76.6,0.7659999999999999,36.73854,Bajo,0
Occidente,4,0,48.5,529,8.9,0.08900000000000001,47.20505,Bajo,0
Occidente,4,1,44.9,154,40.8,0.408,39.40424,Bajo,0
Occidente,4,2,44.1,146,34.9,0.349,39.482730000000004,Bajo,0
Occidente,4,3,41.1,665,94.8,0.948,29.411160000000002,Bajo,0
Occidente,4,4,40.7,768,52.3,0.523,34.314170000000004,Bajo,0
Occidente,4,5,43.0,153,50.1,0.501,36.5371,Bajo,0
Occidente,4,6,47.9,594,5.0,0.05,47.1815,Bajo,0
Occidente,4,7,16.1,382,29.5,0.295,14.67515,Pico,0
Occidente,4,8,18.5,296,80.3,0.8029999999999999,14.04335,Pico,0
Occidente,4,9,28.9,383,90.6,0.9059999999999999,21.04498,Pico,0
Occidente,4,10,33.2,433,22.6,0.226,30.949040000000004,Normal,0
Occidente,4,11,36.4,785,60.3,0.603,29.81524,Normal,0
Occidente,4,12,33.6,553,12.3,0.12300000000000001,32.36016,Normal,0
Occidente,4,13,38.9,452,44.9,0.449,33.660169999999994,Normal,0
Occidente,4,14,35.9,537,7.2,0.07200000000000001,35.12456,Normal,0
Occidente,4,15,36.8,269,71.4,0.7140000000000001,28.917439999999996,Normal,0
Occidente,4,16,38.2,662,55.3,0.5529999999999999,31.862620000000003,Normal,0
Occidente,4,17,22.8,200,77.5,0.775,17.499000000000002,Pico,0
Occidente,4,18,19.1,447,28.4,0.284,17.472680000000004,Pico,0
Occidente,4,19,17.0,540,5.4,0.054000000000000006,16.7246,Pico,0
Occidente,4,20,47.5,322,0.0,0.0,47.5,Bajo,0
Occidente,4,21,45.1,132,27.6,0.276,41.36572,Bajo,0
Occidente,4,22,47.1,143,83.9,0.8390000000000001,35.24493,Bajo,0
Occidente,4,23,40.0,272,74.1,0.741,31.108000000000004,Bajo,0
Occidente,5,0,53.2,171,36.0,0.36,47.45440000000001,Bajo,1
Occidente,5,1,52.7,689,31.3,0.313,47.751470000000005,Bajo,1
Occidente,5,2,57.9,724,43.4,0.434,50.36142,Bajo,1
Occidente,5,3,59.1,364,96.4,0.9640000000000001,42.00828,Bajo,1
Occidente,5,4,50.9,580,49.4,0.494,43.35662,Bajo,1
Occidente,5,5,53.9,542,70.4,0.7040000000000001,42.51631999999999,Bajo,1
Occidente,5,6,50.0,216,71.3,0.713,39.305,Bajo,1
Occidente,5,7,35.0,776,76.1,0.7609999999999999,27.009500000000003,Pico,1
Occidente,5,8,39.3,591,29.8,0.298,35.786579999999994,Pico,1
Occidente,5,9,26.6,647,64.4,0.644,21.46088,Pico,1
Occidente,5,10,40.5,352,95.7,0.9570000000000001,28.87245,Normal,1
Occidente,5,11,45.0,402,45.8,0.45799999999999996,38.817,Normal,1
Occidente,5,12,42.1,358,37.0,0.37,37.4269,Normal,1
Occidente,5,13,40.5,637,41.7,0.41700000000000004,35.43345,Normal,1
Occidente,5,14,48.2,695,21.2,0.212,45.13448,Normal,1
Occidente,5,15,46.6,430,88.0,0.88,34.2976,Normal,1
Occidente,5,16,42.2,574,60.8,0.608,34.502720000000004,Normal,1
Occidente,5,17,29.4,195,65.2,0.652,23.649359999999998,Pico,1
Occidente,5,18,36.1,320,64.5,0.645,29.11465,Pico,1
Occidente,5,19,30.9,599,19.9,0.19899999999999998,29.05527,Pico,1
Occidente,5,20,58.9,301,36.8,0.368,52.397439999999996,Bajo,1
Occidente,5,21,50.6,178,51.6,0.516,42.76712,Bajo,1
Occidente,5,22,52.7,684,1.5,0.015,52.46285,Bajo,1
Occidente,5,23,53.8,336,1.9,0.019,53.493339999999996,Bajo,1
Occidente,6,0,51.2,389,49.3,0.493,43.627520000000004,Bajo,1
Occidente,6,1,54.0,471,59.5,0.595,44.361,Bajo,1
Occidente,6,2,50.1,424,96.3,0.963,35.626110000000004,Bajo,1
Occidente,6,3,55.2,574,31.2,0.312,50.033280000000005,Bajo,1
Occidente,6,4,57.7,641,52.1,0.521,48.681490000000004,Bajo,1
Occidente,6,5,59.8,187,1.7,0.017,59.49502,Bajo,1
Occidente,6,6,57.7,665,12.0,0.12,55.6228,Bajo,1
Occidente,6,7,29.0,112,29.3,0.293,26.4509,Pico,1
Occidente,6,8,36.6,462,34.8,0.348,32.77896,Pico,1
Occidente,6,9,30.6,100,30.0,0.3,27.846000000000004,Pico,1
Occidente,6,10,46.5,781,84.7,0.847,34.68435,Normal,1
Occidente,6,11,40.2,728,78.3,0.7829999999999999,30.75702,Normal,1
Occidente,6,12,47.8,420,39.8,0.39799999999999996,42.09268,Normal,1
Occidente,6,13,43.0,145,22.8,0.228,40.0588,Normal,1
Occidente,6,14,42.5,438,74.7,0.747,32.975750000000005,Normal,1
Occidente,6,15,44.7,140,95.8,0.958,31.853220000000004,Normal,1
Occidente,6,16,49.4,649,99.1,0.991,34.71338,Normal,1
Occidente,6,17,33.2,773,7.6,0.076,32.44304,Pico,1
Occidente,6,18,30.5,257,19.6,0.196,28.7066,Pico,1
Occidente,6,19,27.1,535,78.1,0.7809999999999999,20.750470000000004,Pico,1
Occidente,6,20,55.8,202,81.1,0.8109999999999999,42.22386,Bajo,1
Occidente,6,21,56.4,371,67.4,0.674,44.99592,Bajo,1
Occidente,6,22,52.6,341,91.7,0.917,38.12974,Bajo,1
Occidente,6,23,52.9,428,89.0,0.89,38.7757,Bajo,1
Industrial,0,0,47.1,143,14.7,0.147,45.02289,Bajo,0
Industrial,0,1,40.1,541,44.8,0.44799999999999995,34.71056,Bajo,0
Industrial,0,2,41.3,770,53.0,0.53,34.7333,Bajo,0
Industrial,0,3,42.4,450,68.0,0.68,33.7504,Bajo,0
Industrial,0,4,40.8,292,80.7,0.807,30.92232,Bajo,0
Industrial,0,5,44.6,482,43.3,0.433,38.80646,Bajo,0
Industrial,0,6,40.4,216,44.6,0.446,34.994479999999996,Bajo,0
Industrial,0,7,18.1,134,84.4,0.8440000000000001,13.51708,Pico,0
Industrial,0,8,29.7,655,85.4,0.8540000000000001,22.09086,Pico,0
Industrial,0,9,18.6,772,19.7,0.19699999999999998,17.50074,Pico,0
Industrial,0,10,39.5,796,71.2,0.7120000000000001,31.0628,Normal,0
Industrial,0,11,39.8,498,26.0,0.26,36.6956,Normal,0
Industrial,0,12,34.4,515,7.3,0.073,33.64664,Normal,0
Industrial,0,13,36.2,786,19.0,0.19,34.1366,Normal,0
Industrial,0,14,37.9,735,94.4,0.9440000000000001,27.166719999999998,Normal,0
Industrial,0,15,39.6,465,97.7,0.977,27.993240000000004,Normal,0
Industrial,0,16,37.6,213,47.7,0.47700000000000004,32.21944,Normal,0
Industrial,0,17,25.8,273,64.1,0.6409999999999999,20.838660000000004,Pico,0
Industrial,0,18,25.0,213,56.5,0.565,20.7625,Pico,0
Industrial,0,19,26.6,449,1.2,0.012,26.50424,Pico,0
Industrial,0,20,40.1,349,92.6,0.9259999999999999,28.96022,Bajo,0
Industrial,0,21,42.3,544,22.2,0.222,39.48282,Bajo,0
Industrial,0,22,43.2,693,72.9,0.7290000000000001,33.75216,Bajo,0
Industrial,0,23,41.0,400,2.9,0.028999999999999998,40.643299999999996,Bajo,0
Industrial,1,0,44.8,563,11.9,0.11900000000000001,43.20064,Bajo,0
Industrial,1,1,42.9,378,92.0,0.92,31.0596,Bajo,0
Industrial,1,2,49.9,131,76.1,0.7609999999999999,38.50783,Bajo,0
Industrial,1,3,43.7,374,75.4,0.754,33.81506,Bajo,0
Industrial,1,4,49.2,765,57.7,0.5770000000000001,40.68348,Bajo,0
Industrial,1,5,43.6,651,25.1,0.251,40.31692,Bajo,0
Industrial,1,6,45.6,351,65.7,0.657,36.61224,Bajo,0
Industrial,1,7,18.6,234,91.8,0.9179999999999999,13.477560000000002,Pico,0
Industrial,1,8,16.5,454,22.1,0.221,15.40605,Pico,0
Industrial,1,9,15.6,125,17.5,0.175,14.781,Pico,0
Industrial,1,10,38.7,297,95.0,0.95,27.670500000000004,Normal,0
Industrial,1,11,35.8,405,58.0,0.58,29.5708,Normal,0
Industrial,1,12,35.2,631,28.2,0.282,32.222080000000005,Normal,0
Industrial,1,13,33.5,725,94.6,0.946,23.9927,Normal,0
Industrial,1,14,38.9,393,78.0,0.78,29.7974,Normal,0
Industrial,1,15,34.8,448,20.5,0.205,32.6598,Normal,0
Industrial,1,16,35.9,230,33.2,0.332,32.32436,Normal,0
Industrial,1,17,27.8,244,7.1,0.071,27.20786,Pico,0
Industrial,1,18,16.0,758,50.7,0.507,13.5664,Pico,0
Industrial,1,19,21.1,667,83.6,0.836,15.808120000000002,Pico,0
Industrial,1,20,43.3,585,77.1,0.7709999999999999,33.28471,Bajo,0
Industrial,1,21,46.5,206,87.6,0.8759999999999999,34.2798,Bajo,0
Industrial,1,22,45.4,297,42.5,0.425,39.6115,Bajo,0
Industrial,1,23,40.4,189,76.6,0.7659999999999999,31.11608,Bajo,0
Industrial,2,0,40.0,391,52.3,0.523,33.724,Bajo,0
Industrial,2,1,40.5,781,22.6,0.226,37.7541,Bajo,0
Industrial,2,2,43.0,312,23.0,0.23,40.033,Bajo,0
Industrial,2,3,40.0,610,96.7,0.9670000000000001,28.396,Bajo,0
Industrial,2,4,42.2,564,74.2,0.742,32.80628,Bajo,0
Industrial,2,5,48.5,395,30.3,0.303,44.09135,Bajo,0
Industrial,2,6,43.3,598,81.7,0.8170000000000001,32.68717,Bajo,0
Industrial,2,7,17.7,359,90.2,0.902,12.91038,Pico,0
Industrial,2,8,27.1,789,75.4,0.754,20.969980000000003,Pico,0
Industrial,2,9,20.9,513,66.1,0.6609999999999999,16.75553,Pico,0
Industrial,2,10,30.8,481,70.9,0.7090000000000001,24.24884,Normal,0
Industrial,2,11,31.7,646,58.4,0.584,26.14616,Normal,0
Industrial,2,12,39.5,129,26.5,0.265,36.35975,Normal,0
Industrial,2,13,36.0,307,71.4,0.7140000000000001,28.2888,Normal,0
Industrial,2,14,37.6,171,51.4,0.514,31.80208,Normal,0
Industrial,2,15,35.1,358,93.3,0.9329999999999999,25.27551,Normal,0
Industrial,2,16,38.3,588,71.4,0.7140000000000001,30.096139999999995,Normal,0
Industrial,2,17,21.9,744,69.5,0.695,17.333849999999998,Pico,0
Industrial,2,18,25.9,703,27.4,0.27399999999999997,23.77102,Pico,0
Industrial,2,19,27.1,236,34.5,0.345,24.29515,Pico,0
Industrial,2,20,43.4,784,85.7,0.857,32.24186,Bajo,0
Industrial,2,21,47.0,608,56.2,0.562,39.0758,Bajo,0
Industrial,2,22,49.5,447,38.1,0.381,43.842150000000004,Bajo,0
Industrial,2,23,41.6,650,73.4,0.7340000000000001,32.439679999999996,Bajo,0
Industrial,3,0,43.8,117,83.9,0.8390000000000001,32.77554,Bajo,0
Industrial,3,1,40.1,592,97.0,0.97,28.430900000000005,Bajo,0
Industrial,3,2,44.4,264,70.5,0.705,35.0094,Bajo,0
Industrial,3,3,48.2,482,96.7,0.9670000000000001,34.21718,Bajo,0
Industrial,3,4,40.5,453,71.8,0.718,31.7763,Bajo,0
Industrial,3,5,48.6,225,80.0,0.8,36.936,Bajo,0
Industrial,3,6,45.5,377,13.2,0.132,43.6982,Bajo,0
Industrial,3,7,28.0,210,31.0,0.31,25.396,Pico,0
Industrial,3,8,19.4,709,67.3,0.6729999999999999,15.483139999999999,Pico,0
Industrial,3,9,27.0,275,62.5,0.625,21.9375,Pico,0
Industrial,3,10,35.7,682,90.6,0.9059999999999999,25.99674,Normal,0
Industrial,3,11,30.1,571,5.2,0.052000000000000005,29.630440000000004,Normal,0
Industrial,3,12,35.5,301,30.7,0.307,32.230450000000005,Normal,0
Industrial,3,13,33.5,534,33.4,0.33399999999999996,30.1433,Normal,0
Industrial,3,14,37.3,383,6.8,0.068,36.53908,Normal,0
Industrial,3,15,37.8,300,43.3,0.433,32.889779999999995,Normal,0
Industrial,3,16,36.9,332,5.7,0.057,36.26901,Normal,0
Industrial,3,17,20.6,761,64.2,0.642,16.632440000000003,Pico,0
Industrial,3,18,25.1,542,19.9,0.19899999999999998,23.60153,Pico,0
Industrial,3,19,21.3,625,10.1,0.10099999999999999,20.65461,Pico,0
Industrial,3,20,42.8,293,43.2,0.43200000000000005,37.253119999999996,Bajo,0
Industrial,3,21,49.8,147,51.9,0.519,42.04614,Bajo,0
Industrial,3,22,41.8,779,11.3,0.113,40.382979999999996,Bajo,0
Industrial,3,23,44.0,616,70.5,0.705,34.694,Bajo,0
Industrial,4,0,44.2,342,39.8,0.39799999999999996,38.922520000000006,Bajo,0
Industrial,4,1,42.6,243,48.3,0.483,36.42726,Bajo,0
Industrial,4,2,42.7,301,65.7,0.657,34.28383,Bajo,0
Industrial,4,3,49.7,522,7.7,0.077,48.551930000000006,Bajo,0
Industrial,4,4,40.8,765,29.7,0.297,37.16472,Bajo,0
Industrial,4,5,40.9,519,62.4,0.624,33.24352,Bajo,0
Industrial,4,6,46.5,287,1.5,0.015,46.29075,Bajo,0
Industrial,4,7,29.5,275,67.6,0.6759999999999999,23.517400000000002,Pico,0
Industrial,4,8,25.6,527,31.3,0.313,23.196160000000003,Pico,0
Industrial,4,9,19.1,518,86.6,0.866,14.13782,Pico,0
Industrial,4,10,39.5,174,15.5,0.155,37.66325,Normal,0
Industrial,4,11,39.4,615,88.3,0.883,28.962940000000003,Normal,0
Industrial,4,12,32.0,511,70.1,0.701,25.270400000000002,Normal,0
Industrial,4,13,36.8,385,1.5,0.015,36.6344,Normal,0
Industrial,4,14,35.8,277,45.0,0.45,30.967,Normal,0
Industrial,4,15,39.6,379,84.0,0.84,29.620800000000003,Normal,0
Industrial,4,16,31.9,570,97.7,0.977,22.55011,Normal,0
Industrial,4,17,16.5,105,43.4,0.434,14.351700000000001,Pico,0
Industrial,4,18,16.4,623,91.5,0.915,11.8982,Pico,0
Industrial,4,19,21.5,281,43.4,0.434,18.7007,Pico,0
Industrial,4,20,47.2,106,58.9,0.589,38.85976,Bajo,0
Industrial,4,21,46.1,546,24.2,0.242,42.75314,Bajo,0
Industrial,4,22,47.1,163,19.9,0.19899999999999998,44.28813,Bajo,0
Industrial,4,23,48.8,617,1.4,0.013999999999999999,48.59504,Bajo,0
Industrial,5,0,52.5,250,27.1,0.271,48.23175,Bajo,1
Industrial,5,1,52.5,143,45.9,0.45899999999999996,45.27075000000001,Bajo,1
Industrial,5,2,57.3,524,67.3,0.6729999999999999,45.73113,Bajo,1
Industrial,5,3,50.8,766,83.8,0.838,38.02888,Bajo,1
Industrial,5,4,58.1,676,93.3,0.9329999999999999,41.83781,Bajo,1
Industrial,5,5,55.4,240,61.7,0.617,45.14546,Bajo,1
Industrial,5,6,57.4,616,52.1,0.521,48.42838,Bajo,1
Industrial,5,7,26.0,359,92.1,0.9209999999999999,18.816200000000002,Pico,1
Industrial,5,8,33.8,476,26.9,0.26899999999999996,31.072339999999997,Pico,1
Industrial,5,9,30.5,726,66.6,0.6659999999999999,24.406100000000002,Pico,1
Industrial,5,10,47.9,418,63.0,0.63,38.8469,Normal,1
Industrial,5,11,42.5,593,42.8,0.428,37.043,Normal,1
Industrial,5,12,44.4,554,93.6,0.9359999999999999,31.93248,Normal,1
Industrial,5,13,40.6,677,29.2,0.292,37.043440000000004,Normal,1
Industrial,5,14,44.4,115,30.1,0.301,40.390679999999996,Normal,1
Industrial,5,15,45.0,139,49.1,0.491,38.3715,Normal,1
Industrial,5,16,49.3,173,76.4,0.764,38.00044,Normal,1
Industrial,5,17,31.1,558,26.0,0.26,28.674200000000003,Pico,1
Industrial,5,18,27.4,212,7.0,0.07,26.824599999999997,Pico,1
Industrial,5,19,27.8,564,88.2,0.882,20.44412,Pico,1
Industrial,5,20,58.1,579,11.0,0.11,56.1827,Bajo,1
Industrial,5,21,52.9,316,25.0,0.25,48.932500000000005,Bajo,1
Industrial,5,22,55.2,474,35.7,0.35700000000000004,49.28808,Bajo,1
Industrial,5,23,53.5,679,78.9,0.789,40.836549999999995,Bajo,1
Industrial,6,0,53.1,739,95.3,0.953,37.91871,Bajo,1
Industrial,6,1,53.3,348,50.6,0.506,45.20906,Bajo,1
Industrial,6,2,59.4,713,10.3,0.10300000000000001,57.564539999999994,Bajo,1
Industrial,6,3,53.9,487,50.3,0.503,45.76649,Bajo,1
Industrial,6,4,51.9,701,67.7,0.677,41.359109999999994,Bajo,1
Industrial,6,5,58.4,701,74.8,0.748,45.29504,Bajo,1
Industrial,6,6,54.4,527,16.0,0.16,51.788799999999995,Bajo,1
Industrial,6,7,35.1,225,69.4,0.6940000000000001,27.79218,Pico,1
Industrial,6,8,28.4,182,16.5,0.165,26.9942,Pico,1
Industrial,6,9,25.0,603,73.2,0.732,19.509999999999998,Pico,1
Industrial,6,10,45.1,212,8.4,0.084,43.963480000000004,Normal,1
Industrial,6,11,40.2,216,89.1,0.8909999999999999,29.45454,Normal,1
Industrial,6,12,42.4,347,10.5,0.105,41.0644,Normal,1
Industrial,6,13,42.2,463,60.8,0.608,34.502720000000004,Normal,1
Industrial,6,14,42.5,140,39.1,0.391,37.51475,Normal,1
Industrial,6,15,42.3,253,96.0,0.96,30.117599999999996,Normal,1
Industrial,6,16,46.2,489,41.6,0.41600000000000004,40.43424,Normal,1
Industrial,6,17,31.4,478,69.6,0.696,24.84368,Pico,1
Industrial,6,18,35.5,220,50.0,0.5,30.175,Pico,1
Industrial,6,19,31.2,709,63.1,0.631,25.29384,Pico,1
Industrial,6,20,55.3,180,60.6,0.606,45.24646,Bajo,1
Industrial,6,21,51.2,336,14.3,0.14300000000000002,49.00352,Bajo,1
Industrial,6,22,56.9,244,39.2,0.392,50.20856,Bajo,1
Industrial,6,23,59.0,243,50.8,0.508,50.0084,Bajo,1
Comercial,0,0,44.2,112,79.3,0.7929999999999999,33.68482,Bajo,0
Comercial,0,1,40.7,431,56.1,0.561,33.850190000000005,Bajo,0
Comercial,0,2,46.3,582,25.3,0.253,42.78583,Bajo,0
Comercial,0,3,40.1,606,53.6,0.536,33.65192,Bajo,0
Comercial,0,4,48.4,674,84.3,0.843,36.15964,Bajo,0
Comercial,0,5,44.9,333,79.2,0.792,34.231759999999994,Bajo,0
Comercial,0,6,44.5,228,85.5,0.855,33.085750000000004,Bajo,0
Comercial,0,7,28.2,426,7.6,0.076,27.557039999999997,Pico,0
Comercial,0,8,20.8,662,90.2,0.902,15.171520000000001,Pico,0
Comercial,0,9,18.1,146,87.7,0.877,13.337890000000002,Pico,0
Comercial,0,10,33.9,479,96.8,0.968,24.05544,Normal,0
Comercial,0,11,30.7,553,7.4,0.07400000000000001,30.01846,Normal,0
Comercial,0,12,33.8,662,43.3,0.433,29.40938,Normal,0
Comercial,0,13,40.0,491,32.1,0.321,36.147999999999996,Normal,0
Comercial,0,14,32.2,345,37.3,0.373,28.59682,Normal,0
Comercial,0,15,30.7,358,46.4,0.46399999999999997,26.42656,Normal,0
Comercial,0,16,37.2,559,70.9,0.7090000000000001,29.287560000000003,Normal,0
Comercial,0,17,15.1,252,66.2,0.662,12.10114,Pico,0
Comercial,0,18,22.3,103,80.4,0.804,16.92124,Pico,0
Comercial,0,19,26.6,483,6.6,0.066,26.07332,Pico,0
Comercial,0,20,47.7,508,78.2,0.782,36.50958,Bajo,0
Comercial,0,21,47.5,662,51.8,0.518,40.1185,Bajo,0
Comercial,0,22,41.4,569,62.0,0.62,33.699600000000004,Bajo,0
Comercial,0,23,47.4,218,19.5,0.195,44.6271,Bajo,0
Comercial,1,0,48.9,624,90.8,0.9079999999999999,35.57964,Bajo,0
Comercial,1,1,47.6,518,65.4,0.654,38.26088,Bajo,0
Comercial,1,2,48.9,505,63.2,0.632,39.62856,Bajo,0
Comercial,1,3,41.6,431,71.6,0.716,32.664320000000004,Bajo,0
Comercial,1,4,42.7,241,31.4,0.314,38.67766,Bajo,0
Comercial,1,5,42.4,250,42.5,0.425,36.994,Bajo,0
Comercial,1,6,49.1,454,18.8,0.188,46.33076,Bajo,0
Comercial,1,7,16.2,587,38.3,0.38299999999999995,14.338619999999999,Pico,0
Comercial,1,8,27.3,561,79.6,0.7959999999999999,20.780760000000004,Pico,0
Comercial,1,9,19.1,584,26.4,0.264,17.58728,Pico,0
Comercial,1,10,39.4,545,32.5,0.325,35.558499999999995,Normal,0
Comercial,1,11,32.7,233,69.5,0.695,25.882050000000003,Normal,0
Comercial,1,12,32.2,516,26.5,0.265,29.640100000000004,Normal,0
Comercial,1,13,36.6,670,77.8,0.778,28.05756,Normal,0
Comercial,1,14,37.6,231,8.8,0.08800000000000001,36.60736,Normal,0
Comercial,1,15,37.0,357,43.2,0.43200000000000005,32.2048,Normal,0
Comercial,1,16,30.3,281,3.4,0.034,29.990940000000002,Normal,0
Comercial,1,17,28.2,270,55.7,0.557,23.487779999999997,Pico,0
Comercial,1,18,15.6,566,32.3,0.32299999999999995,14.08836,Pico,0
Comercial,1,19,28.5,721,32.5,0.325,25.721249999999998,Pico,0
Comercial,1,20,49.0,797,82.5,0.825,36.8725,Bajo,0
Comercial,1,21,48.4,274,57.7,0.5770000000000001,40.02196,Bajo,0
Comercial,1,22,40.7,166,99.9,0.9990000000000001,28.502209999999998,Bajo,0
Comercial,1,23,43.3,623,80.7,0.807,32.81707,Bajo,0
Comercial,2,0,48.6,798,24.1,0.24100000000000002,45.08622,Bajo,0
Comercial,2,1,40.4,387,13.0,0.13,38.8244,Bajo,0
Comercial,2,2,40.2,352,78.4,0.784,30.744960000000003,Bajo,0
Comercial,2,3,45.7,318,65.4,0.654,36.73366,Bajo,0
Comercial,2,4,42.3,110,76.4,0.764,32.60484,Bajo,0
Comercial,2,5,46.2,633,3.9,0.039,45.65946,Bajo,0
Comercial,2,6,48.4,533,56.3,0.563,40.22524,Bajo,0
Comercial,2,7,24.4,705,58.7,0.5870000000000001,20.10316,Pico,0
Comercial,2,8,23.7,793,75.7,0.757,18.31773,Pico,0
Comercial,2,9,21.6,595,38.9,0.389,19.07928,Pico,0
Comercial,2,10,32.3,517,92.8,0.9279999999999999,23.307679999999998,Normal,0
Comercial,2,11,39.3,339,52.8,0.528,33.07488,Normal,0
Comercial,2,12,32.1,796,98.1,0.981,22.65297,Normal,0
Comercial,2,13,36.5,663,71.5,0.715,28.670749999999998,Normal,0
Comercial,2,14,35.9,137,45.5,0.455,30.999649999999995,Normal,0
Comercial,2,15,36.7,574,37.3,0.373,32.593270000000004,Normal,0
Comercial,2,16,39.4,217,50.0,0.5,33.489999999999995,Normal,0
Comercial,2,17,25.4,587,64.9,0.649,20.45462,Pico,0
Comercial,2,18,19.1,209,63.6,0.636,15.455720000000001,Pico,0
Comercial,2,19,24.0,225,70.5,0.705,18.924,Pico,0
Comercial,2,20,44.6,567,83.7,0.8370000000000001,33.40094,Bajo,0
Comercial,2,21,41.7,113,77.9,0.779,31.954710000000002,Bajo,0
Comercial,2,22,46.1,589,83.8,0.838,34.51046,Bajo,0
Comercial,2,23,48.0,772,53.6,0.536,40.2816,Bajo,0
Comercial,3,0,44.9,381,15.4,0.154,42.82562,Bajo,0
Comercial,3,1,45.7,293,92.1,0.9209999999999999,33.07309,Bajo,0
Comercial,3,2,45.8,514,35.5,0.355,40.92229999999999,Bajo,0
Comercial,3,3,40.5,122,42.3,0.423,35.360549999999996,Bajo,0
Comercial,3,4,40.8,524,88.1,0.8809999999999999,30.01656,Bajo,0
Comercial,3,5,48.8,561,21.1,0.21100000000000002,45.71095999999999,Bajo,0
Comercial,3,6,48.6,720,19.7,0.19699999999999998,45.72774,Bajo,0
Comercial,3,7,26.1,300,80.3,0.8029999999999999,19.81251,Pico,0
Comercial,3,8,30.0,121,89.7,0.897,21.927,Pico,0
Comercial,3,9,24.3,781,46.5,0.465,20.91015,Pico,0
Comercial,3,10,38.5,143,33.5,0.335,34.63075,Normal,0
Comercial,3,11,30.7,782,81.7,0.8170000000000001,23.17543,Normal,0
Comercial,3,12,38.5,756,8.5,0.085,37.51825,Normal,0
Comercial,3,13,33.9,149,21.1,0.21100000000000002,31.754129999999996,Normal,0
Comercial,3,14,32.3,428,26.9,0.26899999999999996,29.693389999999997,Normal,0
Comercial,3,15,31.0,217,14.7,0.147,29.6329,Normal,0
Comercial,3,16,39.7,631,96.8,0.968,28.171120000000002,Normal,0
Comercial,3,17,21.6,294,79.8,0.7979999999999999,16.428960000000004,Pico,0
Comercial,3,18,19.9,309,23.3,0.233,18.50899,Pico,0
Comercial,3,19,16.9,279,35.5,0.355,15.100149999999998,Pico,0
Comercial,3,20,46.7,143,21.1,0.21100000000000002,43.74389,Bajo,0
Comercial,3,21,48.1,202,34.3,0.34299999999999997,43.150510000000004,Bajo,0
Comercial,3,22,48.6,208,8.3,0.083,47.38986,Bajo,0
Comercial,3,23,44.8,311,56.3,0.563,37.23328,Bajo,0
Comercial,4,0,48.0,196,58.1,0.581,39.6336,Bajo,0
Comercial,4,1,45.1,200,62.4,0.624,36.65728,Bajo,0
Comercial,4,2,42.7,441,8.2,0.08199999999999999,41.64958000000001,Bajo,0
Comercial,4,3,44.6,314,82.2,0.8220000000000001,33.601639999999996,Bajo,0
Comercial,4,4,40.6,393,45.8,0.45799999999999996,35.02156,Bajo,0
Comercial,4,5,47.3,502,66.7,0.667,37.83527,Bajo,0
Comercial,4,6,47.8,703,31.4,0.314,43.29724,Bajo,0
Comercial,4,7,23.1,688,98.9,0.9890000000000001,16.24623,Pico,0
Comercial,4,8,28.3,360,19.5,0.195,26.64445,Pico,0
Comercial,4,9,22.3,619,49.3,0.493,19.001829999999998,Pico,0
Comercial,4,10,34.8,686,36.1,0.361,31.03116,Normal,0
Comercial,4,11,38.6,384,32.8,0.32799999999999996,34.80176,Normal,0
Comercial,4,12,34.5,633,12.6,0.126,33.195899999999995,Normal,0
Comercial,4,13,32.0,766,17.5,0.175,30.32,Normal,0
Comercial,4,14,35.7,505,49.0,0.49,30.4521,Normal,0
Comercial,4,15,36.4,260,55.3,0.5529999999999999,30.361240000000002,Normal,0
Comercial,4,16,33.7,563,14.1,0.141,32.27449,Normal,0
Comercial,4,17,23.6,229,27.9,0.27899999999999997,21.62468,Pico,0
Comercial,4,18,18.3,227,82.6,0.826,13.76526,Pico,0
Comercial,4,19,19.3,748,97.0,0.97,13.683700000000002,Pico,0
Comercial,4,20,45.7,200,37.5,0.375,40.55875,Bajo,0
Comercial,4,21,48.0,357,8.7,0.087,46.7472,Bajo,0
Comercial,4,22,45.6,691,79.6,0.7959999999999999,34.71072000000001,Bajo,0
Comercial,4,23,41.8,570,22.1,0.221,39.028659999999995,Bajo,0
Comercial,5,0,52.2,711,25.0,0.25,48.285000000000004,Bajo,1
Comercial,5,1,52.6,100,87.1,0.871,38.85562,Bajo,1
Comercial,5,2,57.9,539,75.0,0.75,44.8725,Bajo,1
Comercial,5,3,51.5,420,35.1,0.35100000000000003,46.07705,Bajo,1
Comercial,5,4,50.9,440,92.1,0.9209999999999999,36.83633,Bajo,1
Comercial,5,5,50.4,304,20.8,0.20800000000000002,47.25504,Bajo,1
Comercial,5,6,52.4,735,46.8,0.46799999999999997,45.04304,Bajo,1
Comercial,5,7,32.0,632,15.4,0.154,30.5216,Pico,1
Comercial,5,8,32.3,400,59.7,0.597,26.515069999999998,Pico,1
Comercial,5,9,40.0,638,39.8,0.39799999999999996,35.224000000000004,Pico,1
Comercial,5,10,48.3,219,3.0,0.03,47.8653,Normal,1
Comercial,5,11,42.0,338,51.1,0.511,35.5614,Normal,1
Comercial,5,12,46.2,737,51.0,0.51,39.1314,Normal,1
Comercial,5,13,45.0,135,3.5,0.035,44.5275,Normal,1
Comercial,5,14,45.5,406,83.9,0.8390000000000001,34.04765,Normal,1
Comercial,5,15,41.6,117,44.9,0.449,35.99648,Normal,1
Comercial,5,16,42.4,134,72.5,0.725,33.178,Normal,1
Comercial,5,17,26.7,525,28.1,0.281,24.449189999999998,Pico,1
Comercial,5,18,27.6,365,80.1,0.8009999999999999,20.967720000000003,Pico,1
Comercial,5,19,30.9,625,12.5,0.125,29.74125,Pico,1
Comercial,5,20,57.7,265,67.7,0.677,45.98113,Bajo,1
Comercial,5,21,55.7,750,38.7,0.387,49.233230000000006,Bajo,1
Comercial,5,22,50.7,113,82.7,0.8270000000000001,38.12133,Bajo,1
Comercial,5,23,55.2,642,23.4,0.23399999999999999,51.32496,Bajo,1
Comercial,6,0,53.5,121,96.1,0.961,38.07595,Bajo,1
Comercial,6,1,56.7,753,26.5,0.265,52.192350000000005,Bajo,1
Comercial,6,2,56.1,574,31.8,0.318,50.74806,Bajo,1
Comercial,6,3,58.5,763,88.5,0.885,42.96825,Bajo,1
Comercial,6,4,57.4,294,28.2,0.282,52.54396,Bajo,1
Comercial,6,5,59.6,107,71.6,0.716,46.797920000000005,Bajo,1
Comercial,6,6,57.1,535,99.0,0.99,40.14130000000001,Bajo,1
Comercial,6,7,29.7,337,7.9,0.079,28.996109999999998,Pico,1
Comercial,6,8,31.6,282,34.3,0.34299999999999997,28.348360000000003,Pico,1
Comercial,6,9,37.5,754,18.6,0.18600000000000003,35.4075,Pico,1
Comercial,6,10,43.7,750,6.2,0.062,42.88718000000001,Normal,1
Comercial,6,11,40.9,213,59.5,0.595,33.59935,Normal,1
Comercial,6,12,41.5,777,44.7,0.447,35.93485,Normal,1
Comercial,6,13,45.0,272,47.1,0.47100000000000003,38.6415,Normal,1
Comercial,6,14,46.6,625,75.4,0.754,36.05908,Normal,1
Comercial,6,15,45.8,733,81.7,0.8170000000000001,34.574419999999996,Normal,1
Comercial,6,16,47.6,138,0.7,0.006999999999999999,47.50004,Normal,1
Comercial,6,17,28.2,564,41.1,0.41100000000000003,24.72294,Pico,1
Comercial,6,18,31.0,719,89.6,0.8959999999999999,22.6672,Pico,1
Comercial,6,19,38.6,319,69.1,0.691,30.59822,Pico,1
Comercial,6,20,52.7,233,18.5,0.185,49.775150000000004,Bajo,1
Comercial,6,21,53.4,400,83.1,0.831,40.08738,Bajo,1
Comercial,6,22,51.2,614,53.1,0.531,43.04384,Bajo,1
Comercial,6,23,52.9,444,30.0,0.3,48.139,Bajo,1
